word,freq
네,10294
수,10135
것,9823
정말,8828
이,7431
그,6732
거,6463
좀,6351
안,6212
내,5343
우리,5133
더,5061
해,4951
사람,4738
너,4635
생각,4631
여기,4458
나,4303
일,4107
뭐,4068
게,4025
제,3872
저,3762
말,3567
음,3211
오늘,3181
걸,3140
너무,3122
시간,3051
응,2954
때,2860
다,2832
다른,2692
지금,2650
많이,2609
건,2592
몇,2590
요,2477
문제,2331
알,2285
집,2219
왜,2180
드릴,2168
근데,2079
그렇게,2042
이제,2026
물론,2020
그냥,2020
전,2017
도,2015
무슨,2006
난,1829
진짜,1828
못,1815
번,1790
어디,1704
두,1692
그래서,1685
회사,1660
하나,1654
그게,1635
대해,1629
저희,1623
친구,1605
다음,1592
정도,1540
줄,1526
시작,1490
언제,1463
이번,1460
가지,1459
아침,1450
그거,1447
돈,1428
같이,1397
준비,1351
저녁,1331
주,1309
그건,1308
아직,1304
거기,1287
가요,1282
얼마나,1276
당신,1273
수도,1261
얘기,1248
사실,1245
곳,1232
별로,1226
안녕,1210
내일,1210
다시,1205
수업,1197
학교,1177
중,1171
항상,1157
영화,1136
차,1134
동안,1131
걱정,1125
살,1120
개,1115
가격,1115
아주,1114
손님,1105
저기,1098
모든,1098
꽤,1089
그러면,1082
그녀,1025
예약,1025
확인,1020
가장,1014
후,1004
새,1004
요즘,990
음식,986
선생님,963
적,960
책,955
중국,951
보고,946
때문,940
바로,925
밤,921
계획,889
얼마,879
말씀,878
마음,873
여행,873
방,873
오후,870
볼,868
마,866
버스,858
전화,851
조금,849
처음,844
또,833
사용,829
이름,827
무엇,815
한번,813
영어,811
엄마,804
빨리,795
데,788
보통,785
거의,778
컴퓨터,777
아이,777
그래도,769
주문,766
건가,764
명,762
아마,744
제일,738
공부,733
이렇게,729
하루,722
도움,713
달,706
시,698
미국,698
꼭,696
혹시,692
분,692
이야기,691
세,687
먼저,676
씨,675
도착,673
위해,671
가족,669
자주,666
주말,665
호텔,656
요리,655
도시,652
파티,648
중이,645
가끔,645
약,640
위,628
고객,626
함께,620
사무실,612
대학,612
잠깐,609
일이,608
날,607
계속,606
잠시,601
하나요,601
오래,598
정보,594
운동,589
선택,586
필요,585
이해,583
여러,582
옷,581
비행기,579
그때,575
모두,574
아빠,574
학생,573
제공,571
쪽,570
날씨,567
서비스,565
길,565
방법,562
나중,561
음악,560
이미,555
자리,549
아파트,546
어느,542
추천,540
연락,538
관심,537
이지,535
이건,534
어디서,533
직장,532
대부분,527
둘,525
휴가,523
카드,521
나라,519
제품,519
사고,513
결혼,512
사진,510
어제,509
누구,506
부모님,505
번호,500
가게,499
비,498
곧,495
대한,491
기회,489
질문,488
여자,487
오,480
결정,480
은행,478
시험,477
요금,476
뭘,476
를,475
여름,471
회의,469
근처,463
직접,462
예정,462
생일,460
매일,460
추가,459
앞,458
가야,456
직원,455
경험,453
설명,447
인터넷,443
커피,442
전혀,439
작성,436
은,435
출발,432
선물,428
점,428
포함,427
첫,427
기억,426
엄청,424
훨씬,423
이유,422
금요일,422
계세,420
아내,416
광고,415
주로,412
비용,409
넌,409
머리,401
너희,400
기분,399
토요일,398
눈,397
프로그램,397
누가,392
팀,391
남자,390
반,389
쇼핑,389
계좌,389
자,385
의,385
사랑,384
의사,381
이상,379
경기,375
사이즈,373
방금,373
온,370
마지막,369
제안,368
신문,365
점심,365
할인,364
가방,362
건강,362
그걸,359
일주일,358
거지,355
소리,353
장,352
특히,351
기차,351
세계,350
식사,348
아마도,348
수가,346
잔,346
개인,344
운전,344
이사,341
부분,341
상황,341
식당,341
짐,340
타고,340
티켓,339
갈래,338
가면,338
약속,338
천만,336
게다가,335
대신,334
물건,334
일찍,333
스타일,333
만,329
열심히,329
지원,327
뉴욕,327
만약,327
며칠,327
물,326
옆,325
시장,325
혼자,325
게임,325
종류,320
자기,320
달라,320
벌써,320
지난,313
해결,313
매니저,312
소식,311
절대,310
지역,309
예,309
뒤,308
아무,308
뭔가,305
관련,304
대학교,304
런던,302
구,302
초대,302
층,301
방문,301
달러,300
보험,299
졸업,298
애,295
남편,295
처리,294
지난주,293
다행,293
예전,293
자전거,293
파운드,292
병원,291
아들,291
로,290
사업,288
신경,285
상사,284
월요일,284
글쎄,283
베이징,282
환영,281
운,281
축하,279
그것,277
세상,277
딱,277
스포츠,277
거리,276
최고,276
완전,276
거래,276
건물,274
결제,274
보이,273
교수,272
교육,271
노래,271
전공,269
인기,268
수영,266
어젯밤,266
택시,266
관리,266
겨울,264
최근,263
면접,262
영국,262
산,261
오신,261
공항,260
그러니까,258
총,258
판매,256
가세,254
검사,254
부서,253
동의,253
몸,252
전부,251
도서관,251
이메일,250
음료,250
우선,250
표,250
조언,247
문,247
일해,247
무료,244
라면,243
인상,241
현금,240
대출,240
과목,239
주소,237
급여,237
일요일,237
상태,237
해도,236
온라인,235
딸,235
와인,234
자신,234
테,233
공원,232
바,231
열,231
직업,231
경우,230
서로,230
결과,230
노력,230
일정,229
일자리,229
오전,229
담배,228
관,228
계약,227
진행,227
현재,226
축구,226
신용카드,226
기술,226
연습,226
근무,225
올해,225
어쨌든,224
품질,224
방이,223
일반,222
배,222
양식,222
유지,221
성함,221
크리스마스,221
뜻,220
년,219
월급,219
결국,218
이후,217
스트레스,216
환경,215
언어,215
잡지,214
주차,214
조건,214
청소,213
전화번호,213
업무,213
농담,210
생활,210
역사,210
영수증,210
서류,209
편,208
신발,208
편지,208
드레스,207
센터,207
제대로,207
주시,207
아버지,206
레스토랑,206
프로젝트,206
학기,205
보고서,205
사이,204
실수,204
아직도,203
왼쪽,203
가기,203
교통,203
등록,203
침대,203
오른쪽,203
개월,202
대화,202
국제,202
통화,201
효과,201
나무,201
매우,199
부탁,198
메뉴,198
구매,198
인터뷰,197
살이,197
기계,197
기본,196
술,196
활동,195
서명,195
얼굴,195
능력,194
나이,193
기사,193
그림,193
금액,193
이용,193
카메라,193
시스템,191
귀사,190
작년,190
여권,190
없이,189
시내,189
테이블,189
널,189
시도,188
시계,187
출근,186
보,185
신청,185
등,184
동료,184
아이디어,183
모델,183
키,183
경찰,181
과일,181
법,181
다섯,180
병,180
동물,180
정리,180
가구,180
화요일,180
종일,180
공연,180
포장,179
꽃,179
여자친구,178
해외,178
누군가,178
고장,178
소개,177
원래,177
막,174
편이,174
디자인,174
항공,172
끝,172
약간,171
분야,171
금방,171
색,170
해변,170
가치,169
작업,169
할머니,169
하자,169
고려,168
맥주,168
맛,168
삶,168
셔츠,168
결혼식,168
거나,167
수학,167
중국어,167
제발,167
잘못,166
느낌,166
채소,166
잠,165
메시지,164
최선,164
내내,163
프랑스,163
문화,163
샐러드,163
종이,163
공장,163
기대,163
춤,162
케이크,162
쉬,162
상자,162
최신,161
의미,160
수리,160
조사,160
걔,159
운영,159
여동생,159
고기,159
목요일,159
내용,158
영향,158
초콜릿,158
전체,158
일본,158
인사,158
손,158
사장,158
바람,157
요청,157
저쪽,157
웹사이트,157
긴장,156
정부,156
비서,156
각,155
취소,155
최대한,154
정,154
수표,154
과정,154
이전,153
불,153
밖,153
차이,153
색상,153
용,153
도로,152
청구,152
전통,152
클럽,152
출장,152
이틀,152
센트,151
매력,151
지하철,151
메리,151
안내,151
기간,151
감기,151
탈,150
공간,150
정원,149
배송,149
간,148
체크,147
소설,147
사,147
몇몇,147
동네,147
깜빡,147
열쇠,146
그다음,146
이세,146
인,146
실제,146
제출,146
통해,146
호주,146
디저트,145
연결,145
주방,145
세트,144
학위,144
색깔,144
뉴스,144
날짜,143
계산,143
변화,143
자기야,143
고양이,143
이력서,142
행운,142
마을,142
뿐,142
형,141
관계,141
사과,141
다리,141
크게,141
그날,140
방식,140
삼촌,140
갑자기,140
데이트,139
수프,139
나머지,138
아기,138
쯤,138
외,138
기록,137
신분증,137
주스,137
영업,137
기도,137
입,137
과학,137
밥,137
코너,137
신고,136
사항,135
창문,135
코트,135
정장,135
주요,135
작동,134
생선,134
피자,134
마일,134
집중,134
꽉,133
내야,133
숙제,133
만이,133
점점,133
위안,132
자동차,132
여러분,132
정말로,131
발전,131
일단,131
목표,131
확신,131
여성,131
퇴근,131
수요일,131
만날,130
공기,130
드디어,130
고민,130
발표,130
경력,129
유럽,129
성공,129
수수료,129
찾기,129
미리,128
한,128
행동,128
성적,128
덕분,128
거실,128
화장실,127
승진,127
목록,127
과,127
박물관,127
강아지,127
선호,126
산책,126
크기,125
가능성,125
에이,125
아래,125
비즈니스,125
호,124
논의,124
상품,124
참여,124
매년,123
단어,123
비행,123
스웨터,123
직책,123
언젠가,123
팬,123
중간,122
어머니,122
취미,122
이해해,122
발,121
선,121
톰,121
특별,121
브랜드,121
대략,121
길이,121
속,121
의견,121
팔,120
인생,120
천천히,120
자연,120
지난번,120
룸,120
고등학교,120
이웃,120
꿈,120
실례,119
일부,119
미터,118
장소,118
내년,118
당장,118
최소,118
냉장고,118
페이지,118
상하이,118
콘서트,118
리,118
연구,117
지도,117
침실,117
차로,117
투자,117
생산,117
우편,117
감자,117
아이스크림,116
극장,116
샌드위치,116
주제,116
테니스,116
글,116
캠퍼스,115
덜,115
물이,115
좌석,115
적어도,114
이면,114
월세,114
위치,114
보호,114
관광,114
평가,114
마케팅,114
성과,114
가시,113
규칙,113
배달,113
려고,113
대로,113
참석,113
면,113
지갑,112
장미,112
피,112
남아,112
휴대폰,112
대만,112
할아버지,112
외국,112
자꾸,112
동생,112
나은,112
투어,111
계약서,110
보기,110
시골,110
절약,110
존,110
땐,110
파란색,110
수영장,110
미래,110
파일,110
라디오,110
사려,110
여섯,109
농구,109
빵,109
가입,109
스테이크,108
역,108
부,108
그룹,108
계산서,108
책임,108
군데,108
치킨,108
피부,107
봄,107
교환,107
속도,107
지불,106
아뇨,106
자격,106
경제,106
정책,106
사회,106
훈련,106
여보,106
변경,106
비자,105
클래식,105
권,105
이탈리아,105
자고,105
리스트,105
명함,105
주변,104
역할,104
점수,104
도전,104
캐나다,104
실,103
책상,103
다이어트,103
선수,103
밴드,103
발견,102
여유,102
바다,102
자료,102
가도,102
요구,101
옛날,101
포기,101
성격,100
정류장,100
행사,100
생기,100
전문,100
스스로,100
코,100
우리나라,100
회계,99
마치,99
신청서,99
입금,99
습관,98
우유,98
오시,98
로서,98
심지어,98
계란,98
캘리포니아,98
가을,98
대회,98
소고기,98
보시,97
미술,97
영화관,97
간다,97
명의,97
멀리,97
일도,97
화가,97
문서,97
벽,97
이모,97
낼,97
지난달,97
강의,97
유행,96
고용,96
실력,96
싱글,96
초과,96
올림픽,96
냄새,96
주의,95
환불,95
감사,95
예산,95
글쎄요,95
정신,95
매주,94
현대,94
양,94
구경,94
채널,94
세금,94
마감,94
수입,94
식물,94
소포,94
그동안,93
상,93
사촌,93
푹,93
예금,93
파리,92
기능,92
과제,92
어서,92
만큼,92
국가,92
피아노,92
시기,92
채용,92
매달,92
일로,91
및,91
관리자,91
대요,91
홍콩,91
전시회,91
마이크,90
갈색,90
연기,90
공,90
치즈,90
예상,90
남자친구,90
어쩔,90
표현,90
연주,90
외국인,90
예술,90
무역,89
개설,89
부담,89
하하,89
슈퍼마켓,89
패션,89
욕실,89
바닥,89
쇼,89
표지판,89
팁,89
본인,88
미안,88
미국인,88
보증,88
월,88
최대,88
사면,88
넥타이,88
마무리,88
잭,88
스키,88
샤워,87
주차장,87
우체국,87
기업,87
제한,87
타,87
핸드폰,87
우표,87
화학,87
얼음,87
투표,87
지구,87
인도,86
경쟁,86
장비,86
플레이어,85
보장,85
보관,85
부엌,85
상상,85
오히려,85
벌,85
기준,84
보증금,84
전기,84
독일,84
바지,84
노트북,84
모자,84
룸메이트,84
창가,84
패키지,83
블록,83
동물원,83
프랑스어,83
비교,83
박,83
산업,83
고,82
완료,82
입력,82
반대,82
코스,82
콜라,82
얘,82
낚시,82
전문가,82
교회,82
은퇴,81
빌어,81
큰일,81
에너지,81
에어컨,81
매장,81
혜택,81
체크아웃,81
가이드,81
오염,81
작품,81
듣기,80
화,80
엉망,80
빨간색,80
이혼,80
초,79
순,79
쭉,79
풀,79
구역,79
소프트웨어,79
래야,79
출신,79
워싱턴,79
사이트,79
발생,79
햄버거,79
기름,79
복사,78
물품,78
엘리베이터,78
답,78
통과,78
강,78
메모,77
최소한,77
오랫동안,76
오렌지,76
만난,76
개발,76
세탁,76
금연,76
평소,76
깜짝,76
박스,76
오토바이,76
오늘이,76
개선,76
작가,76
청바지,76
공급,76
협상,75
변호사,75
학년,75
방향,75
목소리,75
주식,75
평균,75
바보,75
여가,75
스미스,75
부인,75
비디오,75
따로,75
왕복,74
보지,74
차량,74
수출,74
천,74
연극,74
스타,74
장점,74
카펫,74
취업,73
점검,73
기,73
재,73
빈,73
초록색,73
검토,73
튀김,73
숨,72
설탕,72
가죽,72
지점,72
설정,72
새해,72
정기,72
상담,72
조정,72
기타,72
축제,72
소스,72
스페인어,72
이자,72
야근,72
카페,71
외국어,71
의자,71
세부,71
해산물,71
여행자,71
활용,71
거짓말,71
별,71
호수,71
별거,70
나아,70
논문,70
메인,70
각자,70
남쪽,70
닭고기,70
제니,70
준,70
신호등,70
특정,70
어려움,70
절차,70
쓰레기,70
모레,70
아르바이트,70
각각,70
진심,69
거구,69
로스앤젤레스,69
캠핑,69
금,69
스트리트,69
일곱,69
단계,69
효율,69
보이지,69
화면,69
목적,69
피터,69
잔돈,69
긍정,69
사자,69
제인,69
팩스,69
피하,68
번은,68
버튼,68
파이,68
로마,68
데리,68
블룸,68
자격증,68
반납,68
감독,68
복도,68
비밀,68
규정,68
저축,68
게이트,68
하늘,68
집안일,67
권리,67
순간,67
분위기,67
신뢰,67
시설,67
또한,67
수집,67
자체,67
아홉,67
박사,67
저번,66
장난,66
장난감,66
회원,66
사건,66
저건,66
부모,66
불만,66
되게,66
한텐,66
전망,66
시카고,66
환전,66
업체,66
합리,66
조각,66
목,66
편도,65
반응,65
모임,65
서점,65
여기저기,65
컵,65
보너스,65
사기,65
안전,65
늘,65
트럭,65
설거지,65
최종,65
현실,65
모습,65
낮,65
가슴,65
애완동물,65
공식,65
감정,64
재킷,64
어,64
스,64
어디가,64
용품,64
태도,64
체육관,64
야채,64
종교,64
임대,64
직무,64
벌금,64
중독,64
식,63
구체,63
재료,63
방해,63
배우,63
배터리,63
흰색,63
서도,63
모퉁이,63
무게,63
먹기,63
햇볕,63
자금,63
이동,63
금융,63
설치,63
주택,63
노트,63
중국인,63
밑,63
소통,63
허리,63
태국,63
미술관,62
우린,62
향,62
샌프란시스코,62
경치,62
한잔,62
백화점,62
피해,62
해고,62
고급,62
장기,62
담당,62
별일,62
접시,62
마련,62
마찬가지,62
방학,62
기자,62
현지,62
소파,62
가나,61
신용장,61
오지,61
종종,61
멕시코,61
계정,61
웨이터,61
지연,61
페인트,61
쓰기,61
문자,61
두통,61
헬스장,61
숫자,61
재미,61
수술,61
자동,61
문학,60
합격,60
승인,60
언니,60
장학금,60
조깅,60
동전,60
댁,60
토마토,60
필수,59
고속도로,59
열차,59
분명,59
인간,59
행,59
협력,59
존경,59
여덟,59
타이핑,59
힘,59
반품,59
대체,59
패스,59
고요,59
그대로,59
처방전,59
통,59
동시,59
표시,59
인치,58
보상,58
자정,58
사전,58
두운,58
서양,58
등산,58
재능,58
크림,58
정오,58
지급,58
그만,58
금지,58
운전면허증,58
하우스,58
중고,58
펜,58
조직,57
시절,57
거스름,57
사무,57
독일어,57
우주,57
학점,57
신용,57
어린이,57
뒤쪽,57
여행사,57
수익,57
단,57
기숙사,57
디지털,57
취향,56
언덕,56
낭비,56
치마,56
토네이도,56
상대,56
흠,56
평생,56
브라운,56
스페인,56
선반,56
글쓰기,56
바비큐,56
물고기,56
신호,56
치,55
승객,55
손상,55
참고,55
위험,55
전화기,55
울,55
목걸이,55
파란,55
리가,55
섹션,55
단지,55
환율,55
하라,55
원서,55
초대장,55
라인,55
실업,55
쿠키,55
텔레비전,54
동아리,54
파트너,54
그린,54
옵션,54
가까이,54
시드니,54
합의,54
인정,54
부자,54
흥미,54
오기,54
품,54
반지,54
마리,54
수당,54
곡,53
샘플,53
가정,53
대기,53
하니,53
한국,53
사람과,53
도난,53
열정,53
답변,53
소,53
절반,53
이자율,53
도세,53
사인,53
부과,53
결심,53
전쟁,53
북쪽,53
내면,53
파트타임,53
대학원,53
발송,52
야구,52
주인,52
하이킹,52
지식,52
교사,52
설마,52
첫날,52
연설,52
사무소,52
재고,52
자신감,52
강점,52
체증,52
강좌,52
입찰,52
소풍,52
음식점,52
계단,52
킬로미터,51
배경,51
웃기,51
실크,51
카탈로그,51
인형,51
케이블,51
감당,51
흡연,51
교체,51
판단,51
상처,51
독립,51
재정,51
도둑,51
바이러스,51
청소년,51
출퇴근,51
전시,51
기념,51
티셔츠,51
어머,51
기여,51
숲,51
전달,51
번만,51
자유,51
세탁기,51
댄스,50
당근,50
다야,50
배려,50
망고,50
누나,50
아시아,50
중심,50
언제나,50
우산,50
문의,50
플로리다,50
탄산음료,50
대통령,50
다예,50
상점,50
마크,50
압박,50
홍보,50
온도,50
중앙,50
대박,50
골,50
디자이너,50
아무튼,50
기념품,50
담당자,49
부터,49
적용,49
시야,49
낫,49
안정,49
애가,49
다해,49
학사,49
간식,49
내부,49
네트워크,49
어차피,49
수치,49
브레이크,49
끼,49
통증,49
아시,48
칭찬,48
카운터,48
파크,48
연봉,48
살기,48
샴페인,48
장면,48
커피숍,48
안경,48
백,48
계절,48
체중,48
다만,48
맘,48
집주인,48
니,48
고생,48
휴식,48
트,48
애플,48
기온,48
조절,48
소음,48
후회,48
수하물,48
석사,47
증거,47
검정색,47
고향,47
제시,47
켤레,47
불편,47
최악,47
드라이브,47
이내,47
햇빛,47
탁구,47
공립,47
블랙,47
앤,47
객실,47
송금,47
향수,47
오라,47
잔디,47
쇼핑몰,47
사탕,47
귀하,47
겨우,47
주간,47
발급,47
높이,47
플라스틱,47
검정,47
휴일,46
방송,46
루시,46
비밀번호,46
증가,46
연간,46
타자,46
시간대,46
새벽,46
칠,46
이미지,46
커서,46
정상,46
의료,46
고대,46
지지,46
알레르기,46
관광객,46
시즌,46
제때,45
존중,45
가수,45
모험,45
점심시간,45
런가,45
중인,45
달리기,45
잡고,45
레시피,45
록,45
자녀,45
농장,45
유급,45
지방,45
식단,45
강도,45
스티븐,45
보석,45
치료,45
엔진,45
견적,45
귀,44
원인,44
차례,44
기꺼이,44
빨래,44
보스턴,44
일어나서,44
증명서,44
예측,44
임대료,44
상영,44
어쩌면,44
거절,44
일상,44
일지,44
주지,44
외모,44
어딘가,44
다운로드,44
기기,44
친척,44
드네,44
로맨스,44
또는,44
로부터,44
과학자,44
더블,44
이익,44
터,44
정치,44
출금,44
불평,44
제임스,44
증명,44
수준,44
환자,44
흥정,44
행성,44
보안,43
끌,43
데스크,43
드라마,43
남,43
선적,43
차라리,43
변명,43
움,43
보조,43
닭,43
흥미진진,43
코미디,43
밤새,43
설득,43
발음,43
경영학,43
매출,43
끼리,43
무대,43
실망,43
캠페인,43
화장,43
딸기,43
분석,43
치과,43
운전자,43
정거장,42
전해,42
공격,42
일기예보,42
가스,42
대답,42
내지,42
저장,42
하와이,42
조금씩,42
전략,42
계시,42
오해,42
맥도날드,42
입구,42
기침,42
승무원,42
이요,42
위로,42
어른,42
이체,42
양복,42
예의,42
라서,41
통제,41
노란색,41
다운,41
회계사,41
통장,41
기한,41
남성,41
제작,41
건너,41
신부,41
외부,41
독감,41
참가,41
생활비,41
경제학,41
기후,41
잡,41
비타민,41
왕,41
캠프,41
블라우스,41
학원,41
간호사,40
장식,40
봉투,40
보트,40
일본어,40
야외,40
차고,40
부동산,40
음료수,40
전이,40
도대체,40
골프,40
소문,40
부품,40
커플,40
증상,40
지속,40
똑같이,40
아프리카,40
지폐,40
폭풍,40
레드,40
땅,40
패스트푸드,40
이집트,40
판,40
입학,40
기내,39
간의,39
린다,39
목욕,39
칵테일,39
룸서비스,39
외식,39
대여,39
체포,39
균형,39
나야,39
검색,39
수정,39
비어,39
가득,39
쥐,39
액,39
화성,39
맨,39
웨이트리스,39
상의,39
허락,39
심해,39
야간,39
교실,39
브라질,39
캐,39
다이빙,39
짜증,39
스케이트,39
새우,39
광장,39
공유,38
오랜,38
위층,38
싱글룸,38
값,38
전환,38
사서,38
제외,38
속기,38
실험실,38
엽서,38
설립,38
요소,38
해주시,38
운동화,38
국,38
도박,38
만족,38
기차역,38
도쿄,38
후보,38
오페라,38
용기,38
경주,38
부부,38
미디엄,38
젊은이,38
라이브,38
먼지,38
오리,38
어깨,38
공짜,38
깊이,38
학비,38
의사소통,38
조카,38
채팅,38
섬,38
굳이,37
탑승,37
경고,37
데이터,37
임신,37
나가야,37
자랑,37
피트,37
조치,37
전하,37
경찰관,37
환상,37
창구,37
에세이,37
회의실,37
전자,37
체스,37
연락처,37
항공사,37
리기,37
도울,37
바나나,37
제목,37
극복,37
우정,37
하진,37
뉴질랜드,37
성,37
필기,37
약국,37
숙박,37
교통체증,37
감,37
법률,37
출하,37
맨날,37
도구,37
국내,37
다스,37
도저히,36
도심,36
데이브,36
감동,36
보드,36
업계,36
프로,36
핸드백,36
차지,36
산악,36
노,36
요리사,36
무시,36
학과,36
손해,36
바이올린,36
늦잠,36
모양,36
와우,36
기반,36
그중,36
최저,36
오빠,36
용돈,36
허가증,36
시동,36
코드,36
주얼,36
픽업,36
샴푸,36
번가,36
알람,36
노숙자,36
자원,36
배구,36
공과금,36
남동생,36
포스터,36
무늬,36
뇌,35
녹음,35
다큐멘터리,35
미팅,35
생명,35
보수,35
조심,35
홀,35
하룻밤,35
사시,35
노인,35
프레,35
사라,35
학습,35
대체로,35
살짝,35
교과서,35
여자애,35
구성,35
앨범,35
따라서,35
재즈,35
시리얼,35
기운,35
무릎,35
서쪽,35
이론,35
불어,35
시차,35
엔지니어,35
포도,35
화이트,35
피크닉,35
놀,35
얼른,35
실용,35
일리,35
물리,35
핫도그,35
디스코,34
시대,34
차도,34
킹,34
세기,34
셔,34
집들이,34
구입,34
명세서,34
가든,34
셋,34
연애,34
폭포,34
성장,34
검은색,34
기관,34
확장,34
대가,34
학업,34
부장,34
상담사,34
이군,34
심장,34
깨,34
스케줄,34
교차로,34
완성,34
방과,34
봬,34
아가씨,34
갱신,34
역시,34
커리어,34
구조,34
경영,34
곤충,34
사원,34
범죄,34
러시아,34
인내심,34
블로그,34
수백,33
주신,33
옆집,33
별도,33
정식,33
착륙,33
수표로,33
급,33
접속,33
아예,33
구나,33
커튼,33
전반,33
철자,33
스코틀랜드,33
중개인,33
착용,33
탐정,33
제거,33
궁전,33
처럼,33
본사,33
창의,33
테스트,33
립스틱,33
하버드,33
주유소,33
버섯,33
양파,33
복사기,33
대표,33
심리학,33
선거,33
만두,33
혈액,33
단점,33
비결,33
인구,33
약점,33
소비,33
책임감,33
증서,33
시간표,32
수천,32
입장,32
데이비드,32
공포,32
독서,32
직진,32
만리장성,32
해안,32
척,32
신어,32
구름,32
감각,32
접근,32
불법,32
소득,32
버터,32
란,32
보람,32
호실,32
술집,32
복지,32
로비,32
진실,32
소유,32
팔고,32
포크,32
이기,32
스프,32
예보,32
응원,32
초반,32
안부,32
기말고사,32
평일,32
레이,32
인쇄,32
옛,32
소녀,32
일반석,32
건배,32
대형,32
벨트,32
마사지,32
운송,32
대중,32
유학,31
좌회전,31
켜,31
스위트룸,31
상환,31
광저우,31
언급,31
팝,31
기술자,31
장갑,31
처,31
티,31
성인,31
의존,31
고용주,31
면도,31
작고,31
놨어,31
토스트,31
로고,31
경찰서,31
설계,31
아무리,31
시애틀,31
희망,31
메이,31
혼란,31
수습,31
프렌치,31
놀이,31
주년,31
첫째,31
멀미,31
테이프,31
지하철역,30
플랫폼,30
신입,30
연,30
동쪽,30
촬영,30
액션,30
어이,30
연장,30
측정,30
질,30
료,30
사립학교,30
원칙,30
대중교통,30
의류,30
브로,30
의상,30
세미나,30
시인,30
얼룩,30
신혼여행,30
학력,30
칼,30
진료,30
창고,30
리셉션,30
소비자,30
현장,30
지진,30
강사,30
전국,30
실내,30
채,30
공이,30
구내식당,30
슈퍼,30
회복,30
뱀,30
퍼센트,30
걔네,30
즉시,30
식탁,30
로드,30
욕조,30
줄리아,30
버거,30
스테이션,30
정비,30
비누,30
재활용,30
봉지,29
대비,29
젠,29
비도,29
강연,29
복습,29
연말,29
보라,29
모래,29
직항,29
안나,29
관심사,29
방문객,29
드나,29
킬로그램,29
지나,29
꼭대기,29
자원봉사,29
고치,29
건너편,29
기적,29
대량,29
조명,29
늦,29
쓰레기통,29
약혼,29
난방,29
저녁식사,29
고정,29
자산,29
바위,29
단체,29
포인트,29
석,29
서핑,29
어쩌지,29
처방,29
달리,29
곤,29
낫다,29
그리스,29
만들기,29
구두,29
구독,29
연석,29
토론,29
번개,29
트레이너,29
국물,29
데이,29
돼지고기,29
사천,29
연료,29
그릇,29
영감,29
식이,29
딱지,29
사본,29
요가,29
의도,28
잠도,28
움직,28
스튜디오,28
온대,28
부상,28
집도,28
탓,28
분과,28
아드님,28
시가,28
아메리칸,28
실험,28
전액,28
로맨틱,28
겁,28
쿠폰,28
경보,28
수락,28
파괴,28
초기,28
중학교,28
금발,28
때로는,28
판매원,28
감염,28
분홍색,28
진,28
누군지,28
편의,28
발코니,28
거주,28
그다지,28
유기농,28
신,28
경기장,28
마이클,28
때때로,28
안색,28
레몬,28
프린터,28
소재,28
경비,28
대상,28
근육,28
모닝콜,28
특징,28
레코드,28
곳도,28
발행,28
컬러,28
빌딩,28
경로,28
교외,28
폰,28
내기,28
음반,28
출판,28
스카프,28
펀드,28
표준,28
왜냐하면,28
잔액,27
영광,27
바탕,27
링컨,27
심,27
이상은,27
소금,27
형제,27
쌀,27
영상,27
팔이,27
무언가,27
부정,27
스테레오,27
적응,27
배관,27
법적,27
다가,27
외향,27
구급차,27
종목,27
주머니,27
전단지,27
공예품,27
외화,27
구직,27
미스,27
서든,27
충족,27
오픈,27
아침식사,27
캐릭터,27
식품,27
복,27
품목,27
대접,27
서부,27
자질,27
가격표,27
표정,27
패턴,27
유명,27
아래층,27
취직,27
박람회,27
면허증,27
피라미드,27
벼룩시장,27
수요,27
킬로,27
치즈버거,27
다니엘,27
용서,27
귀신,27
손잡이,27
반입,26
손가락,26
리사,26
주가,26
허가,26
매,26
죽,26
스위트,26
그저,26
워드,26
야생,26
일인,26
시티,26
과자,26
컨퍼런스,26
작별,26
산다,26
여지,26
공통점,26
폐,26
행복,26
장거리,26
회색,26
탑승권,26
어르신,26
국립,26
팝콘,26
제조,26
감옥,26
무선,26
행정,26
시청,26
중간고사,26
워크숍,26
관객,26
일등석,26
향상,26
송이,26
마약,26
신체,26
시리즈,26
맞은편,26
병가,26
형편,26
판다,26
손실,26
오븐,26
보라색,26
거울,26
이탈리안,26
도자기,26
유리,26
원,26
옥수수,26
우회,26
약물,25
녹색,25
무리,25
기쁨,25
확정,25
가스레인지,25
물질,25
커버,25
풍경,25
따님,25
유로,25
멤버,25
만료,25
영진,25
김,25
월간,25
메일,25
캔,25
여부,25
목적지,25
종,25
악기,25
위쪽,25
오케이,25
벌레,25
정지,25
셰익스피어,25
더위,25
찬장,25
서랍,25
재무,25
명소,25
구인,25
지적,25
앞쪽,25
화장품,25
출력,25
가전제품,25
라벨,25
해지,25
저런,25
펜스,25
마당,25
수백만,25
추적,25
혼다,25
이나,25
지출,25
자마자,25
뷔페,25
연필,25
통지서,25
고혈압,25
햇살,25
파이프,25
클래스,25
백만,25
그럭저럭,25
소변,25
애비뉴,25
건조기,25
항공권,25
코치,25
시트,24
조,24
체결,24
칸,24
회화,24
가다가,24
리더,24
외출,24
부스,24
양고기,24
모,24
돌,24
생신,24
베를린,24
정착,24
직,24
예매,24
총괄,24
흑인,24
물리학,24
단위,24
주거,24
의심,24
셰프,24
창,24
작문,24
한동안,24
론,24
장애,24
금속,24
필름,24
포터,24
기부,24
양말,24
체온,24
함,24
나비,24
그나저나,24
취하,24
상업,24
강조,24
베이컨,24
감명,24
보스,24
로버트,24
소년,24
팀워크,24
아스피린,24
허용,24
지시,24
악수,24
개봉,24
하드웨어,24
컨트리,24
규모,24
과거,24
하드,24
디스크,24
체력,24
통로,24
미스터,24
커뮤니티,24
싸움,24
천둥,24
충격,24
몸매,24
반복,24
동감,24
평화,24
일종,24
안쪽,24
크루즈,24
사지,24
둘째,24
납부,24
등기,24
온난화,24
보험료,24
산타,24
주목,24
달이,24
번지,24
응급실,24
옷장,24
정해진,24
유닛,24
주행,24
모니터,23
건데,23
마늘,23
서서,23
할리우드,23
예치,23
왈츠,23
어머님,23
임시,23
퀴즈,23
히,23
무거워,23
세대,23
껌,23
남부,23
퀸,23
빛,23
편집,23
관습,23
핵심,23
자국,23
존재,23
아야,23
철도,23
일부러,23
수단,23
이사회,23
파운데이션,23
진정,23
직전,23
링,23
특수,23
채식,23
지붕,23
독자,23
소매,23
상대방,23
개요,23
레어,23
차이점,23
형태,23
조식,23
전적,23
안심,23
마트,23
교재,23
만기,23
바퀴벌레,23
반값,23
정치인,23
케이스,23
비만,23
장례식,23
꽃병,23
뼈,23
타이어,23
석유,23
주장,23
초록,23
식기,23
가라,23
어코드,23
젓가락,23
해당,23
상징,23
차이나타운,23
량,23
클릭,23
웹,23
묘사,23
굴지,23
서나,23
학생회,23
센트럴,22
법정,22
관리직,22
조만간,22
리뷰,22
실로,22
부양,22
릴리,22
오래전,22
땀,22
제도,22
내시,22
그만큼,22
질투,22
전날,22
즉,22
존슨,22
반드시,22
할로윈,22
디,22
어머나,22
드,22
재질,22
수강,22
이하,22
찍,22
폭발,22
분기,22
로봇,22
대충,22
로만,22
점프,22
수건,22
구해,22
라켓,22
믿음,22
러시아워,22
헬멧,22
번역,22
스티브,22
주기,22
로스트,22
아하,22
준비됐어요,22
출석,22
칫솔,22
서른,22
대사관,22
격식,22
녹차,22
결혼기념일,22
바퀴,22
차야,22
주주,22
수량,22
수염,22
사용자,22
신랑,22
채식주의자,22
바닷가,22
옥스퍼드,22
사업가,22
소시지,22
짓,22
자선,22
자세,22
변동,22
업자,22
알루미늄,22
입자,22
송장,22
위반,22
그랜드,21
상이,21
주인공,21
관점,21
리포트,21
산이,21
설문조사,21
졸업생,21
키스,21
익스,21
맞춤,21
이제야,21
배웅,21
풀타임,21
군,21
의학,21
장애인,21
걷기,21
컨트롤,21
자본,21
초등학교,21
곳곳,21
매니큐어,21
발진,21
하얀색,21
모니카,21
망치,21
탱고,21
등급,21
친,21
추수감사절,21
공제,21
버,21
체육,21
여자아이,21
결론,21
정전,21
회장,21
건설,21
속옷,21
우연히,21
뮤직,21
누구세요,21
싱가포르,21
면서,21
철학,21
피트니스,21
먹이,21
항구,21
볼링,21
월드,21
명절,21
프라이,21
웨이,21
대리인,21
피팅룸,21
명시,21
세운,21
들러리,21
대하,21
분당,21
대륙,21
초보,21
폴,21
마스카라,21
맞이,21
신입생,21
당첨,21
션,21
신제품,21
티나,21
결석,21
유엔,21
농업,21
개도,21
귀걸이,21
곁,21
아주머니,21
러닝,21
내장,20
톤,20
던데,20
환승,20
스릴러,20
아저씨,20
머리카락,20
비판,20
곰,20
토론토,20
경유,20
윈도우,20
중고차,20
번의,20
저울,20
핑계,20
예술가,20
전원,20
회,20
배드민턴,20
콩,20
타입,20
만해,20
오피스,20
담보,20
간판,20
에피타이저,20
길거리,20
연한,20
분리,20
다이아몬드,20
가사,20
종업원,20
다인,20
제리,20
격려,20
기초,20
시위,20
수영복,20
입장료,20
탈의실,20
음성,20
공공,20
매번,20
생물,20
집안,20
홍수,20
속담,20
방송국,20
포트,20
체계,20
공고,20
이따,20
신문사,20
복장,20
대개,20
타이,20
신지,20
드럼,20
연휴,20
칼로리,20
벨,20
아일랜드,20
해외여행,20
노래방,20
관해,20
수기,20
운전사,20
정규,20
펍,20
오스카,20
북경,20
명단,20
그릴,20
법원,20
워낙,20
급행,20
화난,20
드래곤,20
은하,20
자원봉사자,20
정당,20
검진,19
안개,19
인테리어,19
표지,19
무제한,19
껍질,19
스위스,19
재생,19
국립공원,19
시점,19
기존,19
멸종,19
전형,19
멤버십,19
인식,19
이만,19
에어로빅,19
폭력,19
난리,19
풋볼,19
만화,19
시속,19
글자,19
문법,19
당좌,19
인지,19
충돌,19
주위,19
장치,19
앨리스,19
사흘,19
모바일,19
제기,19
타임,19
유감,19
길가,19
일만,19
임금,19
바늘,19
케이,19
메모리,19
사례,19
학,19
등반,19
헬렌,19
영하,19
경향,19
모드,19
게시판,19
특선,19
반대편,19
업데이트,19
경쟁력,19
범위,19
이벤트,19
푸드,19
비율,19
분만,19
몬트리올,19
조지,19
하나로,19
대학생,19
식욕,19
노르웨이,19
동굴,19
매트리스,19
운전면허,19
면허,19
일원,19
칼럼,19
요일,19
보신,19
조항,19
오락,19
교통사고,19
무척,19
세관,19
햄,19
호출,19
차단,19
연예인,19
우,19
캔디,19
진열,19
팩,19
쪽지,19
외계인,19
땅콩,19
벽돌,19
가운,18
출산,18
으,18
웃음,18
화물,18
쨍쨍,18
줄거리,18
당좌예금,18
전채,18
프로그래밍,18
관광지,18
브로드웨이,18
야생동물,18
상치,18
입맛,18
굴,18
팩스기,18
옷차림,18
베스트셀러,18
트릭,18
생,18
주도,18
달성,18
달걀,18
워터,18
펌프,18
당분간,18
차트,18
동기,18
시어머니,18
방도,18
세탁물,18
스케이트보드,18
인물,18
빼,18
살인,18
유머,18
모금,18
섭취,18
듯,18
프랭크,18
잉크,18
범인,18
기획,18
헬스클럽,18
워,18
스무,18
혈압,18
문장,18
비프,18
성은,18
개념,18
상관,18
항해,18
약도,18
필레,18
안이,18
카,18
악몽,18
트랙,18
러시,18
인력,18
대도시,18
서면,18
알기,18
여,18
안전벨트,18
한참,18
적극,18
수다,18
커미션,18
리지,18
미니바,18
노선,18
눈물,18
입지,18
상하,18
빚,18
접수,18
페이스북,18
칩,18
여분,18
의지,18
스웨덴,18
방지,18
출구,18
반년,18
팬케이크,18
팔찌,18
용도,18
형성,18
맑은,18
마침,18
램프,18
태양,18
항목,18
주사,18
가운데,18
터미널,18
사막,18
대응,18
당시,18
뚜껑,18
연금,18
미소,18
찻집,18
럭비,18
해소,17
잔소리,17
스페셜,17
외투,17
게스트,17
국적,17
사망,17
트리,17
대가족,17
가신,17
나름,17
대기업,17
촛불,17
학생증,17
전자제품,17
명성,17
지고,17
한편,17
변기,17
남미,17
힐튼,17
정해,17
즐거움,17
진출,17
버전,17
민족,17
용법,17
부여,17
주름,17
대사,17
보유,17
해리,17
가능,17
요새,17
당황,17
상기,17
입원,17
알약,17
사다리,17
조개,17
실패,17
어보,17
잠재,17
암,17
보도,17
쌍둥이,17
개방,17
돼지,17
디나,17
양념,17
제이슨,17
반바지,17
모시,17
노조,17
인용,17
라틴,17
도입,17
하든,17
꽃들이,17
화재,17
소용,17
확률,17
랍스터,17
추위,17
알바,17
슛,17
심리,17
발명,17
중순,17
프로모션,17
장르,17
캠코더,17
논리,17
이브,17
냅킨,17
보충,17
서요,17
유형,17
가만히,17
예외,17
링크,17
프로포즈,17
노동,17
조립,17
문신,17
충치,17
소방관,17
파악,17
반영,17
드레싱,17
해커,17
침,17
토니,17
타요,17
컬렉션,17
기름값,17
부작용,17
성사,17
촉진,17
주니어,17
절벽,17
타일,17
랩,17
터치,17
엑스레이,17
테일러,17
오일,17
실행,17
취급,17
권장,17
그리기,17
냄비,17
스물,17
월드컵,17
매진,17
손금,17
비치,17
마라톤,17
루,17
십,17
정기예금,17
대처,17
골드,17
수줍음,17
설날,17
증권,17
원자,16
주제가,16
지정,16
센스,16
홈스테이,16
요인,16
맥박,16
마중,16
패드,16
본격,16
합류,16
시로,16
차별,16
만남,16
공학,16
관할,16
요트,16
관세,16
증,16
예방,16
외곽,16
위원회,16
전역,16
평판,16
유치원,16
데이빗,16
미니,16
뿌리,16
선정,16
앱,16
요구사항,16
대안,16
기구,16
은색,16
투자자,16
아메리카,16
요약,16
경관,16
연회,16
매킨토시,16
양보,16
수용,16
모터,16
중단,16
율,16
출근길,16
리무진,16
당선,16
거미,16
참가자,16
라운드,16
케첩,16
한도,16
원룸,16
수명,16
긴급,16
인원,16
시각,16
가루,16
발목,16
만하,16
그저께,16
기념일,16
아무래도,16
첨부,16
휴대,16
특성,16
체형,16
토끼,16
베이비,16
레벨,16
인턴,16
건축,16
뒷문,16
진로,16
빈자리,16
베이,16
섬유,16
책자,16
사람인,16
종합,16
롤,16
빵집,16
열세,16
할부,16
묵,16
일어나고,16
육상,16
이맘때,16
캐비닛,16
일링,16
실습,16
님,16
심판,16
칭다오,16
태극권,16
자켓,16
중심지,16
에든버러,16
그땐,16
유망,16
자리야,16
홍차,16
구석,16
수석,16
조던,16
레슨,16
백신,15
발렌타인데이,15
지미,15
어학,15
매표소,15
주연,15
숙소,15
급행열차,15
수령,15
권력,15
불구,15
무,15
짝,15
낯선,15
업그레이드,15
공휴일,15
목도,15
혀,15
관찰,15
마스터카드,15
색도,15
임원,15
여사,15
제조업체,15
첨단,15
연체,15
자극,15
최고급,15
견인,15
공개,15
반면,15
단독,15
마일로,15
창밖,15
전구,15
진전,15
학부,15
피드백,15
달력,15
차선,15
공감,15
편집자,15
스커트,15
위기,15
손톱,15
엉덩이,15
민속,15
부채,15
펀치,15
출연,15
볶음,15
에이전시,15
편입,15
고집,15
입사,15
절,15
말로,15
정문,15
마법,15
기금,15
오트밀,15
골동품,15
이천,15
영웅,15
칠면조,15
겉,15
뷰,15
아울렛,15
후반,15
운행,15
배정,15
대의,15
상어,15
삭제,15
사양,15
원단,15
백혈구,15
특산,15
방문자,15
찬,15
충전,15
미용실,15
졸업식,15
광둥,15
빨,15
책임자,15
결승,15
동기부여,15
향기,15
바닐라,15
린,15
리터,15
위협,15
마주,15
잎,15
설문지,15
마틴,15
교대,15
미디어,15
발라,15
법인,15
십대,15
저렇게,15
로션,15
주기도,15
협조,15
적도,15
매너,15
응답,15
음악가,15
팬티,15
분수,15
견학,15
퍼레이드,15
벌이,15
앤디,15
복권,15
렌트,15
배낭,15
대고,15
맨체스터,15
칠판,15
엔터테인먼트,15
지인,15
실업률,15
시상식,15
턱,15
치면,15
중년,15
초보자,15
인지도,15
카트,15
커뮤니케이션,15
지리,15
맥,15
정비사,15
잉글랜드,15
석탄,15
부문,15
근로자,15
젠장,15
뱅킹,15
함부르크,15
디스,15
프라이드,15
프레드,15
원본,15
국수,15
블로깅,15
특허,15
기독교인,15
질병,14
동작,14
모차르트,14
망,14
도록,14
공사,14
오두막,14
차서,14
자서,14
빨강,14
구분,14
대나무,14
레모네이드,14
죽음,14
온몸,14
만요,14
압니,14
감량,14
자식,14
아이스,14
폭,14
침체,14
뉴,14
소수,14
초안,14
안건,14
용이,14
응급,14
경쟁자,14
감자칩,14
다림질,14
등등,14
뮤지컬,14
날로,14
용지,14
원가,14
오류,14
사가,14
사진작가,14
브로콜리,14
프로그래머,14
양쪽,14
탐험,14
주황색,14
성적표,14
리더십,14
웰던,14
마스크,14
신자,14
돕기,14
인수,14
끈,14
위스키,14
도야,14
컴,14
요건,14
자외선,14
네일,14
미뇽,14
손질,14
복용,14
텍사스,14
연령,14
합병,14
예절,14
더욱,14
배치,14
설문,14
가로,14
통보,14
무기,14
감고,14
어쩌,14
통역사,14
플래시,14
정차,14
운명,14
토,14
이서,14
봉사,14
리듬,14
지하,14
직불카드,14
하이,14
확보,14
지사,14
치기,14
치통,14
일과,14
잠옷,14
화해,14
프리랜서,14
보험사,14
임,14
왼손잡이,14
후추,14
싱크대,14
취한,14
연고,14
쓸모,14
레오,14
사립,14
판매량,14
스트레칭,14
스프라이트,14
투,14
방콕,14
인플레이션,14
포지션,14
샘,14
중재,14
복리,14
제법,14
북부,14
열한,14
네덜란드,14
항공우편,14
하이힐,14
울타리,14
냉동,14
금제,14
구멍,14
꿀,14
부서장,14
공공장소,14
원숭이,14
콧물,14
동부,14
교장,14
불꽃놀이,14
이리,13
에펠탑,13
스마트폰,13
은행원,13
산속,13
호스트,13
셨,13
군대,13
리처드,13
비난,13
홀리데이,13
시민,13
이따가,13
꽃다발,13
테이크아웃,13
태그,13
과소,13
괜히,13
끝내,13
맥북,13
외환,13
최상,13
금고,13
독점,13
프런트,13
사이드,13
전설,13
확,13
열흘,13
왜냐면,13
지하실,13
둘이서,13
간격,13
공지,13
등록금,13
도매,13
멀리뛰기,13
높이뛰기,13
향수병,13
비상,13
분도,13
심사,13
재채기,13
쿵푸,13
공중,13
인재,13
콧수염,13
상위,13
공중전화,13
서브,13
타이타닉,13
천재,13
도서,13
텐트,13
연례,13
노동자,13
트렌드,13
푸딩,13
블루,13
흐름,13
조기,13
오징어,13
괴물,13
포드,13
사내,13
추리,13
톱,13
치약,13
독학,13
일기,13
적지,13
듭니,13
야망,13
일일,13
구이,13
분실,13
때론,13
주무,13
국경,13
인하,13
거부,13
목숨,13
오늘날,13
가이드북,13
후원,13
생산량,13
이점,13
아동,13
경계,13
반려동물,13
단백질,13
장려,13
퇴직,13
침입,13
백악관,13
억지로,13
변덕,13
열도,13
오십,13
개성,13
브리지,13
단기,13
한가운데,13
마음대로,13
카세트,13
납품,13
섀도,13
플레이,13
치아,13
과체중,13
힐,13
취해,13
정각,13
고개,13
윌슨,13
출생,13
택배,13
입술,13
잡기,13
음력,13
스피커,13
호박,13
북,13
아버님,13
페이,13
세션,13
상승,13
혹은,13
잔뜩,13
상도,13
상상력,13
고추,13
캐리어,13
타워,13
스마트,13
실적,13
마음껏,13
측면,13
방울,13
도장,13
주자,13
고통,13
말레이시아,13
성당,13
딸도,13
책장,13
물속,13
인종,13
바가지,13
수의사,13
잼,13
케이트,13
놈,13
귀중,13
딤섬,13
에이미,13
현상,13
슈퍼맨,13
위성,13
통신,13
별자리,13
마작,13
생물학,13
갈등,13
엘리자베스,13
투표소,13
돌고래,13
디즈니랜드,13
진주,13
요크,13
뮌헨,13
드라이클리닝,13
용량,13
순례,13
전화선,12
손주,12
한계,12
기절,12
피해자,12
전문성,12
주저,12
딕,12
관람,12
전자레인지,12
고전,12
사무직,12
부정행위,12
앵무새,12
아이팟,12
흡연실,12
왠지,12
난징,12
시안,12
스노우,12
이직,12
발휘,12
데이터베이스,12
공동,12
토드,12
카네이션,12
귀가,12
모델링,12
서신,12
직면,12
범죄자,12
매콤,12
목격,12
농사,12
감시,12
아래쪽,12
연수,12
호랑이,12
생계,12
제로,12
매뉴얼,12
희귀,12
소원,12
고도,12
남지,12
폴리,12
가줄,12
와이파이,12
스토리,12
환,12
휴대전화,12
만우절,12
머신,12
전보,12
라스베이거스,12
알코올,12
슬리퍼,12
파워,12
이행,12
마디,12
동호회,12
대규모,12
미혼,12
바깥,12
튤립,12
중일,12
프론트,12
눈치,12
형제자매,12
확답,12
지각,12
천국,12
비닐봉투,12
팔면,12
수도꼭지,12
뒷마당,12
사냥,12
소액,12
탑,12
카트리지,12
거란,12
서빙,12
후보자,12
주최,12
나나,12
비록,12
타월,12
토마스,12
몰래,12
온갖,12
털,12
퍼스트,12
당일,12
과속,12
안목,12
대면,12
훠궈,12
원피스,12
취득,12
억양,12
사교,12
삼일,12
오디션,12
보답,12
심장마비,12
성취,12
매체,12
핀,12
조리,12
재산,12
페리,12
씩,12
멍,12
동상,12
트윈,12
조종사,12
성형,12
컨설턴트,12
합법,12
희생,12
스톤,12
부츠,12
영양가,12
시금치,12
발명가,12
프레임,12
사생활,12
스퀘어,12
세인트,12
주일,12
로마인,12
핫,12
참을성,12
로라,12
마르,12
퇴사,12
폭죽,12
외동,12
붕대,12
바삭,12
반한,12
스트라이크,12
포레스트,12
카페인,12
메이크업,12
강화,12
너머,12
쌍,12
디렉터,12
헤이,12
일광욕,12
렌즈,12
우주선,12
오버,12
퇴원,12
소니,12
점원,12
제이크,12
게이,12
브런치,12
답장,12
원통,12
경매,12
센티미터,12
케임브리지,12
일람,12
스탠다드,12
고서,12
유혹,12
해상,12
나이프,12
티드,12
운동장,12
의원,12
건강검진,11
낭만,11
레버,11
차이나,11
연도,11
이진,11
타이밍,11
호흡,11
진공청소기,11
선불,11
크레딧,11
컴퍼니,11
낮잠,11
존스,11
지름길,11
몸무게,11
대학원생,11
유화,11
도시락,11
이란,11
일상생활,11
보건,11
천장,11
판사,11
극단,11
처벌,11
교복,11
입문,11
임무,11
벨기에,11
정치학,11
교류,11
영양,11
젤,11
통근,11
선두,11
모이,11
움직임,11
출시,11
관리인,11
안도,11
지원이,11
낚싯대,11
수면제,11
돌이,11
조작,11
통지,11
누수,11
검증,11
상세,11
헌신,11
혼전,11
채점,11
차려,11
법도,11
춥다,11
전투,11
중점,11
웨딩,11
알리,11
인공,11
확대,11
스몰,11
오니,11
전학,11
그레이,11
나가요,11
빅토리아,11
카테고리,11
설,11
결함,11
매물,11
피팅,11
운동선수,11
마스터,11
콜레스테롤,11
졸리,11
한마디,11
연세,11
앞서,11
샤론,11
시간제,11
여야,11
백만장자,11
률,11
노출,11
흙,11
다롄,11
팀원,11
소지품,11
헨리,11
식료품점,11
염색,11
단골,11
수고,11
파인애플,11
피망,11
치수,11
여행객,11
식기세척기,11
정규직,11
정육점,11
프리스비,11
컨디션,11
곰인형,11
날인,11
아이섀도우,11
연어,11
피로연,11
두시,11
크라운,11
결승전,11
처지,11
집세,11
장애물,11
소요,11
유통,11
연속,11
추억,11
스티커,11
바구니,11
밀,11
로버츠,11
실질,11
조수,11
선글라스,11
강의실,11
노미,11
벽난로,11
수혜자,11
장신구,11
가십,11
페스티벌,11
멜버른,11
홈,11
미식축구,11
장난꾸러기,11
레이크,11
압수,11
호기심,11
웹페이지,11
배출,11
닉,11
원어민,11
간호,11
글씨,11
베드룸,11
후생,11
불빛,11
작업장,11
영문학,11
빠듯해,11
낙제,11
표면,11
다리미,11
절도,11
감수,11
올리브,11
접촉,11
챔피언,11
인디애나,11
지혈,11
도나,11
부의,11
장도,11
두부,11
지도자,11
항공기,11
모로,11
태클,11
중량,11
제약,11
파,11
창조,11
초봉,11
개미,11
장단점,11
발레,11
약정,11
그리니치,11
초과근무,11
사회보장,11
애도,11
브리즈번,11
세차,11
공책,11
그래픽,11
보이시,11
무용,11
오거,11
캡틴,11
강요,11
에이전트,11
슬롯,11
마가리타,11
클락,11
칼라,11
정산,11
단편,11
바비,11
리모컨,11
바둑,11
보모,11
당,11
공상,11
브레스,11
휘발유,11
엔화,11
우박,11
빅,11
갤런,10
세련,10
부합,10
바텐더,10
농부,10
올리비아,10
자가,10
히터,10
나이트클럽,10
부수,10
마이,10
계산기,10
걱정거리,10
스낵,10
해안가,10
베트남,10
아이스티,10
얼,10
신나요,10
서식,10
피우지,10
아이야,10
수학과,10
합,10
빡빡,10
학급,10
남녀,10
딜,10
실어,10
원금,10
발령,10
주근깨,10
계기,10
걸음,10
딜러,10
이불,10
터널,10
이웃집,10
목도리,10
수납,10
어이쿠,10
색칠,10
나기,10
진통제,10
유리잔,10
비닐봉지,10
자금성,10
재단,10
다이애나,10
지리학,10
명령,10
방수,10
쓰시,10
직위,10
저널리즘,10
불량,10
회수,10
와이프,10
간직,10
이수,10
윌리엄,10
마드리드,10
미술사,10
터링,10
약자,10
셀프,10
분할,10
프로세서,10
반장,10
녀석,10
착각,10
관용구,10
다운타운,10
어시스턴트,10
참치,10
유학생,10
브뤼셀,10
카레,10
타협,10
곧바로,10
체조,10
체격,10
면적,10
제곱미터,10
블,10
일치,10
해피,10
농산물,10
달달,10
애피타이저,10
여배우,10
테마,10
개국,10
마리아,10
아이템,10
출국,10
음향,10
마사,10
선임,10
강당,10
요구르트,10
미화,10
피스,10
씨앗,10
능,10
이민자,10
시트콤,10
에피소드,10
컷,10
과찬,10
축구팀,10
압력,10
조상,10
현관,10
전송,10
캐시미어,10
둘레,10
프리킥,10
신사,10
스토브,10
전근,10
중요성,10
한쪽,10
천식,10
조회,10
재배,10
생명체,10
철,10
위생,10
슬슬,10
차라,10
창작,10
살사,10
담요,10
시험지,10
파일럿,10
핫초코,10
자선단체,10
눈썹,10
이탈리아어,10
찬물,10
테이,10
모집,10
겸,10
작,10
베티,10
수확,10
강가,10
반대쪽,10
생기지,10
겉모습,10
가톨릭,10
마켓,10
사우스,10
중산층,10
브로셔,10
결말,10
열기,10
미만,10
러브,10
케이블카,10
대리점,10
절감,10
외관,10
법안,10
제시카,10
응급처치,10
어도,10
타지,10
매화,10
발렌타인,10
시니어,10
서재,10
복제,10
면세,10
편안함,10
푼,10
군인,10
똑바로,10
유권자,10
배송비,10
염두,10
학장,10
유물,10
밀러,10
스테이,10
통금,10
호의,10
장의,10
삼십,10
의향,10
스파,10
구글,10
오이,10
교훈,10
납치,10
프랑크푸르트,10
디즈니월드,10
연방,10
판이,10
스튜,10
데크,10
지면,10
청소기,10
코카콜라,10
닥터,10
주유,10
고래,10
줄리,10
벤치,10
셜리,10
수거,10
휘,10
범,10
물어,10
음주,10
클라이언트,10
스타워즈,10
형식,10
하드커버,10
휴스턴,10
회전,10
자수,10
다도,10
친환경,10
롭,10
열람,10
비닐,10
케네디,10
치유,10
에어,9
이륙,9
완두콩,9
앨런,9
입출금,9
애니메이션,9
록앤롤,9
광대역,9
주전자,9
자판기,9
프로세싱,9
기타리스트,9
인스턴트,9
잠재력,9
수선,9
장벽,9
방서,9
번호판,9
니스,9
언론,9
고위,9
의대,9
윈드서핑,9
타임스,9
비법,9
창의성,9
의무,9
아아,9
제자리,9
장담,9
스파게티,9
요거트,9
벨소리,9
도우,9
교통비,9
쓰촨,9
이보,9
빌라,9
간섭,9
전시관,9
수집가,9
폭스,9
추세,9
스킨,9
주류,9
웨딩드레스,9
흑백,9
불황,9
진창,9
미스터리,9
낙태,9
성차별,9
독립기념일,9
부족,9
저금,9
정답,9
금리,9
용의자,9
그리스도,9
하나님,9
이득,9
관행,9
당사자,9
라지,9
자매,9
프린스,9
록펠러,9
오바마,9
초점,9
시더,9
이준,9
라운지,9
클렌저,9
이윤,9
이더넷,9
중식,9
실격,9
금메달,9
진작,9
상호,9
미용사,9
반했어,9
터키,9
처분,9
국채,9
비공식,9
환대,9
류,9
패션쇼,9
미네랄,9
충,9
나이트,9
여왕,9
토너,9
정크푸드,9
솔트레이크시티,9
주마,9
플랜,9
드라이,9
춘절,9
현금화,9
사주면,9
정가,9
매트,9
반숙,9
당국,9
파랑,9
세탁소,9
게시,9
밀고,9
맵,9
찬성,9
유동,9
스틸,9
기류,9
렸,9
루프,9
액세서리,9
솔로,9
이분,9
나가시,9
누,9
문제점,9
집의,9
집값,9
분해,9
크래커,9
플래티넘,9
통계,9
스크린,9
배수,9
웨이트,9
시선,9
쌀밥,9
새틴,9
판지,9
무스,9
럼,9
포,9
인쇄물,9
천안문,9
십오,9
청,9
책정,9
브라이언,9
슈팅,9
퇴거,9
과부,9
통조림,9
프리미엄,9
자의,9
논쟁,9
덤벨,9
클리,9
도어,9
수행,9
마취,9
조사해,9
도달,9
신규,9
출품,9
페달,9
바르게,9
자도,9
찜,9
키핑,9
편의점,9
불리,9
알프스,9
비극,9
손바닥,9
들판,9
리조트,9
호숫가,9
당나라,9
권총,9
문구,9
노바,9
연중,9
운임,9
더치페이,9
전문의,9
대다수,9
미신,9
패,9
호선,9
묵고,9
가속,9
수조,9
엘비스,9
프랑,9
베개,9
인삼,9
만찬,9
난간,9
타이베이,9
소모,9
만석,9
탈수,9
선언,9
컨벤션,9
세제,9
단추,9
여인,9
지름,9
승마,9
부케,9
미녀,9
와플,9
소형차,9
소형,9
크리스토퍼,9
트웨인,9
실현,9
슨,9
버킹엄,9
태양계,9
시행,9
숨쉬기,9
플로,9
베드,9
케빈,9
브래드,9
본질,9
즐겨찾기,9
스틱,9
운세,9
등불,9
인화,8
슬라이드,8
필터,8
바흐,8
견과류,8
순수,8
메,8
장관,8
수입품,8
방안,8
독창,8
밀라노,8
피렌체,8
중국집,8
연인,8
캐롤,8
담,8
산맥,8
비키니,8
항저우,8
계곡,8
직함,8
가짜,8
앗,8
버릇,8
한지,8
세심,8
양치,8
합작,8
코비,8
틈,8
전화번호부,8
학문,8
손수건,8
갑,8
프런,8
접이식,8
국제선,8
코끼리,8
명도,8
탱크,8
무지개,8
결단,8
노랑,8
네모,8
보존,8
마음속,8
코스모,8
가정은,8
절대로,8
베이스,8
서프라이즈,8
신장,8
시사,8
완벽,8
수분,8
프라이팬,8
피어싱,8
연사,8
파울,8
셔틀,8
계약금,8
풍선,8
점심때,8
멜리사,8
아디다스,8
실무,8
성용,8
복원,8
동창회,8
생존,8
야드,8
간접,8
진입,8
안장,8
편애,8
평,8
에릭,8
캠브리지,8
밀크셰이크,8
관용,8
최,8
구한,8
진동,8
옆방,8
거짓,8
슬로건,8
인류,8
소규모,8
보습,8
개최,8
가상,8
다크,8
암기,8
사직서,8
레이첼,8
막내,8
해충,8
베,8
채권,8
법학,8
앞줄,8
여정,8
급식,8
주중,8
엔지니어링,8
용어,8
미러,8
일본인,8
아르헨티나,8
풍경화,8
본론,8
명과,8
분실물,8
지퍼,8
봉사활동,8
소화,8
우연,8
뇌우,8
성경,8
두려움,8
성별,8
바라지,8
소송,8
크리스,8
볼일,8
만점,8
합치,8
점도,8
유료,8
가판,8
항,8
조화,8
저자,8
세월,8
사우나,8
로움,8
틀,8
스트링,8
바깥쪽,8
비료,8
스파이,8
화학자,8
요원,8
스터디,8
초밥,8
대리,8
차멀미,8
밀가루,8
북극,8
티베트,8
리버사이드,8
말다툼,8
이사해,8
사모님,8
크리,8
서시,8
입시,8
찻잔,8
사이먼,8
소나무,8
갈수록,8
거신,8
풍습,8
전시품,8
밴쿠버,8
청소부,8
전시장,8
탕수육,8
잠자리,8
속눈썹,8
면도기,8
곱슬머리,8
놀이터,8
동해,8
전자공학,8
예일,8
미시간,8
연구소,8
준비물,8
정의,8
피로,8
공석,8
셈,8
침해,8
여신,8
강제,8
식초,8
낸시,8
국경일,8
라이터,8
통행,8
팔꿈치,8
시력,8
초청,8
수면,8
에스크로,8
각국,8
밝기,8
고모,8
낙관,8
판타지,8
유나이티드,8
덕,8
가공,8
줄무늬,8
대인,8
위안화,8
안티바이러스,8
로마법,8
찌,8
덮개,8
전공자,8
부활절,8
오프라인,8
불운,8
손자,8
내전,8
부어,8
카이로,8
샌디에이고,8
구류,8
유령,8
무슬림,8
보습제,8
최초,8
청중,8
휴지통,8
트램,8
배포,8
체류,8
샤넬,8
캐서린,8
고정관념,8
쿼터,8
스톱워치,8
배탈,8
다과,8
꼬마,8
갈비,8
손목,8
메가픽셀,8
헤어스타일,8
거북이,8
인민,8
에이스,8
곡물,8
사도,8
천연자원,8
스탠드,8
탁자,8
미세,8
펜던트,8
파업,8
운반,8
포럼,8
개별,8
자게,8
시집,8
팔지,8
시연,8
애완,8
안내서,8
타이피스트,8
운동복,8
냉동고,8
기선,8
라떼,8
방어,8
조교,8
제이콥,8
에밀리,8
특급,8
덤불,8
소가,8
연구실,8
위조,8
비자카드,8
충성,8
대도,8
켄터키,8
승리,8
고소공포증,8
뉴발란스,8
탈락,8
테크닉,8
맹세,8
자물쇠,8
거꾸로,8
고지서,8
스프링,8
이드,8
순위,8
가위,8
우롱차,8
합성,8
교토,8
화상,8
별명,8
아하하,8
경덕진,8
퀼트,8
카페테리아,8
분쟁,8
성벽,8
지형,8
플러그,8
도넛,8
나노미터,8
선박,8
동등,8
사슴,8
기독교,8
카풀,8
램,7
노년,7
활성화,7
낳을,7
회관,7
과외,7
징,7
불가,7
빈칸,7
룸바,7
세면대,7
모음,7
머릿속,7
스타벅스,7
모나,7
페루,7
선탠,7
스타킹,7
잘해야,7
헤드헌터,7
주민,7
포괄,7
의문,7
아가,7
곱슬,7
블록버스터,7
세수,7
경기도,7
골치,7
우편함,7
다발,7
줄기,7
구경만,7
단거리,7
허리케인,7
아마추어,7
민간,7
밀크,7
해기스,7
오어,7
코스튬,7
체,7
녹음기,7
협회,7
마이크로소프트,7
황금,7
휠체어,7
운동회,7
제작자,7
헤드폰,7
창의력,7
보물,7
입국,7
깨끗이,7
리우,7
회계학,7
의식,7
콜리플라워,7
트롯,7
지휘자,7
전신환,7
애프터,7
오백,7
영화로,7
객관,7
호로,7
몸조리,7
동영상,7
카누,7
쉰,7
진단,7
기입,7
남동쪽,7
북동쪽,7
비스킷,7
넣기,7
프라임,7
노동조합,7
키도,7
조율,7
성도,7
공통,7
신년,7
추진,7
껍데기,7
유래,7
엽니,7
타격,7
칼리지,7
제비꽃,7
꽃밭,7
나니,7
과로,7
식중독,7
기법,7
섭씨,7
또래,7
적금,7
알렉스,7
니요,7
상금,7
입양,7
폴리시,7
약탈,7
이마,7
기세,7
혈당,7
자동화,7
신가,7
어로,7
근거,7
원자재,7
타임즈,7
스프레이,7
아줌마,7
필드,7
하락,7
갤러리,7
홍,7
줄리엣,7
과장,7
짐칸,7
고층,7
유타,7
배추,7
통역,7
나본,7
왕푸징,7
긁힌,7
스시,7
샤르도네,7
토양,7
페이퍼백,7
스토어,7
브렉,7
본토,7
리아,7
아랍어,7
간장,7
월스트리트,7
정시,7
수비수,7
캡슐,7
노선도,7
외로워,7
얼티밋,7
설사,7
푸시업,7
말리,7
대금,7
랜드,7
라이트,7
베토벤,7
긴장감,7
경이,7
나오니,7
디트로이트,7
컨베이어,7
식량,7
지침,7
소속,7
공무원,7
다소,7
인맥,7
구축,7
라이언,7
스탠리,7
트렁크,7
알림,7
참견,7
수지,7
유니폼,7
꼬리,7
앞마당,7
테리,7
거슬러,7
우편번호,7
양육,7
장수,7
푸른,7
지상,7
사찰,7
엑셀,7
학생회장,7
딘,7
계,7
배당금,7
변장,7
스크램블,7
엑스트라,7
고마움,7
캥거루,7
최첨단,7
평방,7
동화책,7
권한,7
갓,7
컨테이너,7
협의,7
가계,7
오타와,7
서양인,7
오리건,7
재해,7
귀마개,7
청혼,7
메신저,7
키트,7
어쩌려,7
예비,7
양모,7
품절,7
칠리,7
서버,7
팔도,7
책방,7
만회,7
은행가,7
디럭스,7
부사,7
적자,7
항의,7
파산,7
조각상,7
웨스트민스터,7
피처,7
헤어지자,7
감상,7
괴롭힘,7
커스터드,7
기어,7
플러스,7
신도,7
클렌징,7
어메니티,7
유발,7
인도네시아,7
타이페이,7
십자말풀이,7
파파라치,7
부가,7
네트,7
아버지날,7
화폐,7
발리,7
마흔,7
명당,7
인증,7
락,7
밀란,7
학자,7
해주,7
병동,7
산들,7
미끼,7
물가,7
삼,7
통합,7
유니버설,7
아카데미,7
습기,7
심플,7
생강,7
노팅엄,7
알래스카,7
복숭아,7
억제,7
인종차별,7
스케이팅,7
러닝머신,7
태피스트리,7
유,7
덩이,7
파인트,7
널리,7
혁명,7
면회,7
보드카,7
댓글,7
방사,7
개인정보,7
레이스,7
셀,7
프렌치프라이,7
드라이버,7
장사,7
상식,7
응대,7
지은,7
산사태,7
편집장,7
새아빠,7
황,7
클립,7
중심부,7
이민,7
핑크,7
펑크,7
빈털터리,7
구식,7
서예,7
셰릴,7
제니스,7
돌리지,7
기원,7
핑크색,7
분류,7
펜팔,7
뉴올리언스,7
정체,7
헤어,7
기차표,7
숟가락,7
스릴,7
청취,7
수제,7
채취,7
연주자,7
배신,7
태평양,7
호스텔,7
라이프,7
피크,7
사설,7
개월치,7
바르셀로나,7
회의장,7
입학처,7
폭풍우,7
에스프레소,7
리나,7
착오,7
페어,7
빈곤,7
취,7
연습장,7
팽창,7
프린트,7
답안,7
발부,7
영장,7
콜로라도,7
외진,7
힌트,7
케이티,7
리얼리티,7
상단,7
신원,7
오믈렛,7
인민폐,7
투수,7
재야,7
만족감,7
웨이브,7
앤더슨,7
발가락,7
믹스,7
댄서,7
눈꺼풀,7
제이,7
재치,7
추구,7
한약,7
연비,7
티아,7
터미네이터,7
메카,7
생애,7
수록,7
큐브,7
삼천,7
붙이,7
미디움,7
자스민,7
명왕성,7
끝내기,7
관중,7
일반인,7
시일,7
매입,7
온실,7
소프트,7
복통,7
작용,7
막판,7
폐기물,7
도마뱀,7
피어,7
놀이기구,7
청교도,7
치명,7
매수,7
월병,7
서커스,7
맥킨토시,7
에콰도르,7
가뭄,7
모래사장,7
톰슨,7
환어음,7
작곡가,7
발명품,7
이구아나,7
오클랜드,7
앤지,7
사령관,7
프랭키,7
심장병,6
피고,6
누구신지,6
에드워드,6
떡,6
초래,6
극적,6
직행,6
연구자,6
유해,6
해삼,6
아두,6
아이폰,6
로키,6
일행,6
각기,6
마이너스,6
으악,6
화질,6
오디오,6
볼륨,6
삼고,6
카푸치노,6
수채화,6
소위,6
코네티컷,6
뉴욕시,6
유출,6
연차,6
센서,6
트릿,6
한자,6
정체자,6
쑤저우,6
미백,6
파우더,6
낙타,6
생김새,6
염소,6
어쩐지,6
세척,6
제어,6
찰,6
국내외,6
브로치,6
시오,6
기네,6
페디큐어,6
액체,6
전등,6
고기랑,6
만도,6
모형,6
차근차근,6
무술,6
개막,6
재무제표,6
채권자,6
옷가게,6
절충,6
단가,6
브레이크댄스,6
플라자,6
난장판,6
사관,6
유효,6
살인자,6
자몽,6
복싱,6
항생제,6
식후,6
특기,6
구호,6
타투,6
장식품,6
오스카상,6
역량,6
비행기표,6
예수,6
출판사,6
출마,6
해양,6
진화,6
격주,6
려,6
러시아어,6
협박,6
킹스크로스,6
타르트,6
코칭,6
재방송,6
강변,6
시외,6
명인,6
활기,6
목말,6
저가,6
홀리,6
다이어리,6
간호학,6
성능,6
로그인,6
우산도,6
타이레놀,6
로얄,6
외로움,6
추측,6
각도,6
중부,6
산도,6
예시,6
사모사,6
체인점,6
공정,6
오브,6
제곱킬로미터,6
시청자,6
대련,6
재사용,6
침묵,6
매점,6
슬픔,6
재혼,6
사적,6
투명,6
부인과,6
좀비,6
사직,6
자라,6
충고,6
관여,6
양도,6
오크,6
뇽,6
품종,6
타자기,6
클레어,6
수십,6
브랜디,6
자연사,6
매칭,6
콤,6
토큰,6
마르지,6
메이커,6
광동,6
교육비,6
맘대로,6
이용권,6
샌디,6
충당,6
죽지,6
협정,6
완수,6
레이싱,6
파스타,6
즈음,6
참나,6
벼락치기,6
리브,6
소화기,6
에어백,6
불면,6
로미오,6
권위,6
직할,6
해석,6
콘센트,6
반죽,6
안락,6
스프링필드,6
페,6
팬더,6
요양원,6
할당,6
다양성,6
다지,6
홈페이지,6
사거리,6
대치,6
순환,6
쇼트,6
그램,6
추락,6
골목,6
명나라,6
팸플릿,6
휴양지,6
무조건,6
유명인,6
틀림없이,6
반환,6
기사도,6
곰팡이,6
송아지,6
모로코,6
역기,6
사료,6
개울,6
유산,6
업,6
면세점,6
편견,6
안방,6
결합,6
평당,6
여름방학,6
아만다,6
스포츠카,6
해심,6
참조,6
중지,6
동해안,6
수비,6
왼손,6
리바운드,6
장만,6
신입사원,6
에스컬레이터,6
테크,6
진과,6
정화,6
비옷,6
크레용,6
암스테르담,6
리타,6
스캐너,6
굽,6
포스트,6
오션,6
집착,6
직물,6
자부심,6
활,6
리포터,6
제조업,6
범퍼,6
구경해,6
특,6
병사,6
이빨,6
강풍,6
수상,6
가보,6
서적,6
골든,6
근속,6
수출입,6
귀국,6
웨일즈,6
그래프,6
타이머,6
소지,6
히드로,6
타도,6
각질,6
속임수,6
약혼자,6
재봉틀,6
야후,6
신의,6
스승,6
딥,6
직종,6
롯,6
아스파라거스,6
고무,6
헛소리,6
핫라인,6
글로벌,6
남아프리카,6
겁쟁이,6
조합,6
과분,6
님은,6
칩스,6
정표,6
교내,6
몫,6
옥,6
재활,6
사격장,6
로켓,6
발사,6
지렁이,6
왕조,6
상추,6
아트,6
아유,6
청두,6
무니,6
커프,6
타겟,6
학자금,6
생년,6
곡선,6
빅뱅,6
사과나무,6
학부모,6
애니,6
엠파이어,6
행주,6
클라이너,6
청년,6
매치,6
기상캐스터,6
우비,6
버티고,6
형도,6
세팅,6
한정,6
왕국,6
바다로,6
아몬드,6
확실,6
진흙,6
두기,6
압도,6
황제,6
적임,6
직계,6
라우,6
우상,6
차보,6
매직,6
개통,6
일간,6
크로니클,6
비평가,6
차비,6
녹화,6
라자냐,6
원주민,6
아니타,6
모기지,6
가가,6
미인,6
그레이스,6
목수,6
우려,6
레이블,6
대입,6
복귀,6
구리,6
마카오,6
마이애미,6
오토,6
정원일,6
굴뚝,6
이동해,6
형수,6
대머리,6
과대,6
소나기,6
화표,6
영구,6
살찐,6
카탈,6
끈기,6
상인,6
체육복,6
여학생,6
치어리더,6
멜론,6
클레,6
화장지,6
광택,6
비틀즈,6
콘택트렌즈,6
앤드류,6
체리,6
바이크,6
누군데,6
근,6
베컴,6
스카이,6
창피해,6
번역가,6
뾰족,6
괴짜,6
백합,6
손녀,6
언어학,6
서류가방,6
샌들,6
캐럿,6
고등학생,6
올랜도,6
숙취,6
식료품,6
리프,6
스쿨,6
롤러코스터,6
우승자,6
스푼,6
메뉴판,6
알버트,6
수업료,6
제곱,6
년도,6
민트,6
헤드라인,6
특집,6
리드,6
북미,6
사기꾼,6
지향,6
재택근무,6
시합,6
향신료,6
짐작,6
봉우리,6
축음기,6
무용수,6
협약,6
바느질,6
작업대,6
이케바나,6
분홍,6
태닝,6
루스,6
빙,6
꽃가루,6
바디랭귀지,6
텍스트,6
위원,6
정자,6
완공,6
랄,6
세단,6
세계대전,6
보통예금,6
우수,6
윙,6
이별,6
과도,6
등록증,6
정기권,6
어딘,6
로열,6
선편,6
칼럼니스트,6
데이지,6
데스크탑,6
우드,6
카렌,6
몸조심,6
공포증,6
골키퍼,6
쿠션,6
프라이버시,6
지구온난화,6
소득세,6
이대로,6
컨설팅,6
펌,6
핀토,6
비디오카메라,6
혼합,6
도킹,6
유전학,6
크레인,6
조문,6
샷,6
스트랩,6
바니쉬,6
연못,6
핀란드,6
밍크,6
상표,6
페퍼로니,6
퀘벡,6
하즈,6
모뎀,5
스팸,5
비트,5
수색,5
테러,5
캐시,5
감탄,5
후자,5
꼼짝,5
동화,5
보더,5
가정부,5
오스트리아,5
이어도,5
복구,5
럭셔리,5
자바,5
체크카드,5
유니언,5
스타일리시,5
크로스,5
베이커리,5
마우스,5
재주,5
렌터카,5
위기종,5
프로세스,5
지배,5
다람쥐,5
붓,5
시멘트,5
애나,5
영혼,5
알람시계,5
선크림,5
둘러보기,5
레인지,5
자율,5
타나,5
다기,5
모닝,5
지로,5
위스콘신,5
주의보,5
이삿짐,5
성조,5
기름기,5
신생,5
토닉,5
보증인,5
도무지,5
북아프리카,5
랜드마크,5
아담,5
허들,5
계주,5
대부,5
전차,5
포커,5
브릿지,5
수화기,5
국제공항,5
무도회,5
슈,5
경련,5
주먹,5
혔,5
거려,5
구가,5
용선,5
추월,5
엎,5
레드와인,5
모토,5
평면,5
원리,5
아보,5
명품,5
로즈,5
터틀넥,5
넥,5
수취,5
영업일,5
금은,5
탐사선,5
또다시,5
표적,5
브이넥,5
흡입,5
좌우,5
캐리,5
애기,5
레이저,5
중동,5
오하이오,5
남서쪽,5
온수,5
평영,5
송별,5
립,5
마담,5
아티스트,5
주요한,5
센티,5
선배,5
개인실,5
잉글리시,5
수의,5
색감,5
수선화,5
베스트,5
국제무역,5
타이산,5
보아,5
겹,5
취할,5
피지,5
이스,5
장님,5
순서대로,5
호환,5
콘서트홀,5
완비,5
재도,5
우승,5
평등,5
회사원,5
하래,5
우호,5
평론가,5
스턴트,5
케밥,5
한때,5
불량품,5
하이난,5
머,5
스탠포드,5
자서전,5
약혼반지,5
싸구려,5
스니커즈,5
오르락내리락,5
밀리,5
답지,5
비숍,5
열풍,5
빅맥,5
캠프파이어,5
퇴직금,5
입장권,5
자발,5
정통,5
나흘,5
취재,5
변속기,5
감소,5
조이,5
목재,5
기념관,5
홈스쿨링,5
인연,5
숨기,5
데이팅,5
체험,5
트로피,5
막대,5
일찍이,5
콘돔,5
마오타이,5
겨드랑이,5
번갈아,5
부위,5
발효,5
원더,5
순서,5
로저,5
질환,5
증진,5
일회용,5
일부분,5
한창,5
상큼,5
사정,5
그나마,5
이율,5
지표,5
심리학자,5
식스,5
부러,5
크리켓,5
가려움,5
항히스타민제,5
값어치,5
유감스럽게,5
주더,5
스위치,5
필라델피아,5
라디에이터,5
진행자,5
내세,5
마시기,5
운하,5
임시직,5
전신,5
자지,5
우먼,5
난대,5
스파이웨어,5
내신,5
은행업,5
반나절,5
적재,5
간신히,5
숙녀,5
네트워킹,5
파워포인트,5
금전,5
중반,5
수년,5
캣우먼,5
복수,5
본성,5
역할극,5
반쪽,5
걸작,5
횟수,5
소피아,5
쇼군,5
상법,5
케어,5
독신,5
영업직,5
교육학,5
아이패드,5
버드,5
부시,5
개발도상국,5
영어권,5
납득,5
하이라이트,5
산더미,5
농사일,5
간이,5
당한,5
토크쇼,5
레이커스,5
처가,5
우편물,5
스키장,5
약과,5
엠마,5
패킷,5
리스,5
재무부,5
캠벨,5
말문,5
단호,5
손전등,5
기프트,5
선발,5
제빵사,5
오찬,5
부와,5
하인,5
천연,5
구제,5
투숙,5
남우,5
고물,5
잔해,5
번지점프,5
할로겐,5
자루,5
미셸,5
옥스포드,5
우등,5
세균,5
협곡,5
초원,5
여관,5
투성이,5
리얼,5
마리나,5
이중,5
오직,5
영국인,5
스코틀랜드인,5
아일랜드인,5
아웃,5
가난,5
일어나지,5
모스크바,5
진보,5
스트,5
마르크,5
스타디움,5
크리스탈,5
슈퍼볼,5
타이틀,5
기업가,5
포트폴리오,5
반항,5
차요,5
면제,5
수줍어하,5
불면증,5
이완,5
에어메일,5
황허,5
화학물질,5
미사일,5
낚,5
깁스,5
마요네즈,5
염려,5
창립,5
약품,5
흡수,5
매매,5
주간지,5
색연필,5
스폰서,5
우한,5
스태프,5
국영,5
등록부,5
보나,5
라거,5
메달,5
제니퍼,5
나일강,5
패티,5
토르,5
의외,5
사고방식,5
최선일,5
생머리,5
웃,5
강습,5
불균형,5
트레이닝,5
쾅,5
풀기,5
산소,5
운전기사,5
던지기,5
놀란,5
모국어,5
핸들,5
탐색,5
코앞,5
불능,5
관람차,5
하키,5
광,5
튜터,5
거처,5
이즈,5
과음,5
체면,5
캘린더,5
리즈,5
고향이,5
종료,5
욕,5
신경계,5
소개팅,5
검프,5
명작,5
온종일,5
배우자,5
야심,5
남학생,5
대세,5
잡초,5
귀지,5
피치,5
파커,5
전과,5
차기,5
힙합,5
사무기기,5
아이작,5
미용,5
이어폰,5
서기,5
에이즈,5
엑스포,5
고유,5
체제,5
달인,5
루틴,5
바이,5
것일,5
묶음,5
대인관계,5
유연성,5
멜로,5
퍼스,5
캔버라,5
소프트볼,5
슬랙스,5
전일,5
오프닝,5
호두,5
시럽,5
마오,5
위트,5
정신과,5
지능,5
감지,5
볶음밥,5
그로,5
레이아웃,5
야식,5
알파벳,5
매니,5
에딘버러,5
별장,5
로빈슨,5
날개,5
루터,5
사신,5
타이완,5
위아래,5
헉,5
펩시,5
어니언,5
빗,5
중원,5
리그,5
원천,5
특가,5
판촉,5
공연장,5
발달,5
옐로스톤,5
내의,5
축구공,5
카우보이,5
버번,5
녹,5
내자,5
홈런,5
커트,5
러너,5
편도선,5
오스틴,5
선데이,5
말투,5
방기,5
신작,5
시나몬,5
환급,5
비단,5
산타클로스,5
배리,5
컨티넨탈,5
청정,5
항적,5
기압,5
사회학,5
홈룸,5
실버,5
순금,5
어휘,5
삐,5
레이더,5
원격,5
의사결정,5
톈진,5
기자회견,5
여자라서,5
계층,5
어음,5
중형,5
일시,5
스트릿,5
썰매,5
볼로냐,5
면역,5
안내소,5
프랜시스,5
웨스트,5
아이디,5
고속,5
모텔,5
식비,5
빅스,5
요요,5
뉴햄프셔,5
신상,5
인격,5
이로,5
정수기,5
미니애폴리스,5
카지노,5
피아니스트,5
음주운전,5
구간,5
케,5
수질,5
사회생활,5
라이,5
물량,5
각지,5
집집,5
거일,5
무승부,5
지장,5
발자국,5
저스틴,5
인조,5
울트라맨,5
문명,5
아차,5
필,5
노을,5
재촉,5
브루클린,5
정이,5
대전,5
니코틴,5
이주,5
찐빵,5
아시안,5
수송,5
우정은,5
북적,5
스쿠터,5
출납,5
복점,5
보조사,5
하루나,5
두유,5
감성,5
띠,5
불꽃,5
제기랄,5
특실,5
혁신,5
클린턴,5
일광,5
취약,5
건조,5
구속력,5
공예,5
퍽,5
최적,5
기상,5
화산,5
비상구,5
귤,5
해안선,5
캐디,5
비취,5
스팸메일,5
웅장,5
자연재해,5
뱅크,5
대마초,5
인증서,5
토미,5
근시,5
원시,5
애초,5
내각,5
구성원,5
플라이,5
세라,5
동충하초,5
브로커,5
가성,5
전기공,5
브리트니,5
마피아,5
티라미수,5
소견,5
깃발,5
돼지갈비,5
삽,5
테크노,5
오늘밤,5
다국적,5
대피,5
라스베가스,5
열대우림,5
남녀공학,5
찍기,5
콜럼버스,5
방송사,5
동성,5
팅,5
추상,5
플래그,5
튜브,5
트레드밀,5
문라이트,5
학교생활,5
접착제,5
딜버트,5
하필,5
미크,5
법무사,5
지하도,5
폐암,4
학사모,4
프로젝터,4
튕겨,4
묵비권,4
욕심,4
우화,4
파사,4
스텝,4
파격,4
토스터,4
일터,4
케인,4
금융가,4
감귤,4
아보카도,4
셔플,4
가자미,4
죽겠네,4
집밥,4
도중,4
피부암,4
조명도,4
포르쉐,4
편일,4
구별,4
뉴저지,4
철폐,4
한국어,4
백인,4
앨버트,4
소품,4
포틀랜드,4
연두색,4
자제력,4
항소,4
기밀,4
통관,4
휴지,4
부끄러움,4
핸드,4
시댁,4
크리스틴,4
진통,4
리프트,4
총지배인,4
멘트,4
캐비어,4
베스,4
체커,4
개학,4
단서,4
상해,4
중요시,4
재난,4
큐티클,4
고가,4
건축물,4
학술,4
프로듀서,4
숱,4
최애,4
장부,4
펜싱,4
파트,4
사의,4
핫스팟,4
롤렉스,4
비디오폰,4
급락,4
스피릿,4
리베이트,4
실화,4
오른,4
주소록,4
페이스,4
대자연,4
드니,4
노스,4
소독,4
펜실베이니아,4
반짝,4
블루베리,4
자유형,4
주력,4
포르투갈어,4
나일론,4
겨,4
복음,4
파키스탄,4
메가바이트,4
브,4
이브닝,4
앨리슨,4
점유,4
애인,4
잭슨,4
어머니날,4
프렌드,4
일출,4
오악,4
빈혈,4
단원,4
견해,4
여론,4
설교,4
골대,4
부가세,4
미란다,4
볼티모어,4
야자수,4
비롯,4
컴팩트,4
라스,4
실과,4
스테로이드,4
적응도,4
상공회의소,4
헤,4
엄지손가락,4
과테말라,4
연쇄,4
스턴,4
생리,4
약화,4
도우미,4
사운드,4
출입국,4
역서,4
차감,4
깊숙이,4
희망이,4
스피드,4
넬슨,4
출생증명서,4
거주지,4
어둠,4
레베카,4
장바구니,4
죄,4
혐의,4
킷캣,4
후난,4
부리토,4
흰개미,4
라이스,4
화이트칼라,4
결근,4
체스판,4
대각선,4
강등,4
전자상거래,4
그늘,4
한단,4
혐오,4
파프리카,4
여객선,4
레만스,4
공동체,4
사탄,4
호스티스,4
부기,4
백포도주,4
블랑,4
유일,4
휴게실,4
모자라,4
찻세트,4
롤라,4
스페어,4
조안,4
볼트,4
밸브,4
지프,4
표범,4
도망,4
사춘기,4
한여름,4
숲속,4
운영자,4
재앙,4
이상형,4
포스트잇,4
해치,4
반찬,4
압축기,4
사오,4
얘길,4
온도계,4
라며,4
결,4
주식시장,4
날걸,4
밤낮,4
소집,4
스즈키,4
비관,4
디킨스,4
린넨,4
측,4
발작,4
서지,4
아무나,4
마음가짐,4
이동식,4
무중력,4
사연,4
잇몸,4
생화학,4
나선,4
와사비,4
완화,4
벽지,4
가치관,4
아이콘,4
가장자리,4
사자춤,4
거품,4
달팽이,4
포토,4
결코,4
회피,4
바벨,4
빔,4
보닛,4
셔틀버스,4
구독료,4
암호,4
부지,4
라임,4
트로이,4
궁극,4
안팎,4
꿈속,4
서클,4
산골,4
중학생,4
국민,4
전투기,4
양육비,4
레비,4
화조,4
초대권,4
페티,4
제사,4
루브르,4
탄력,4
무제,4
폐가,4
뜰,4
안드레아,4
뷰티,4
회신,4
업종,4
호감,4
예방주사,4
보도자료,4
랜턴,4
관계자,4
신일,4
밸류,4
샬리니,4
베로니카,4
이슈,4
정돈,4
코알라,4
전선,4
매도,4
마운틴,4
창업,4
여자도,4
머리핀,4
배상,4
구심,4
메릴랜드,4
평이,4
혼혈,4
사인회,4
열대,4
불타,4
돌파,4
요점,4
볼거리,4
후원자,4
인포,4
옻나무,4
규율,4
깡통,4
침낭,4
칼스버그,4
맹목,4
글로브,4
바베큐,4
특화된,4
유리창,4
실감,4
호스팅,4
푸쉬업,4
제트기,4
그리로,4
새소리,4
흔적,4
반전,4
원샷,4
방화벽,4
양파링,4
칼리,4
중세,4
이니셜,4
불만족,4
수학자,4
수익률,4
게재,4
워크맨,4
손목시계,4
예고,4
후진,4
경찰차,4
지우개,4
보조금,4
사고력,4
판단력,4
첫인상,4
뇌물,4
흐릿,4
상원의원,4
진찰,4
교양,4
후식,4
정직,4
며,4
타일러,4
정심,4
좌절,4
평화유지군,4
리스크,4
베니스,4
스노보드,4
더즌,4
물티슈,4
폴란드,4
슬로,4
츠,4
흥분,4
해러즈,4
짝퉁,4
화분,4
양배추,4
소름,4
공화국,4
도셋,4
멍하니,4
군침,4
내과,4
턱수염,4
명일,4
베네수엘라,4
퀸즈,4
애정,4
선도,4
옐로우스톤,4
온천,4
지수,4
호일,4
신문지,4
머시,4
루어,4
바자회,4
상호작용,4
기계로,4
한족,4
컬리지,4
구사,4
리신,4
히트,4
박살,4
외탄,4
텃밭,4
오리엔테이션,4
배영,4
접영,4
교정,4
대적,4
집회,4
무작위,4
콘,4
시네마,4
셀라,4
절친,4
아부,4
성형수술,4
사랑니,4
증빙,4
서고,4
비현실적,4
영양소,4
이의,4
비스트,4
았,4
버밍엄,4
이슬비,4
복합,4
이십오,4
룩소르,4
신화,4
앤젤,4
속인,4
팔뚝,4
볼펜,4
하란,4
근력,4
헬스,4
프랭클린,4
경비원,4
헤엄,4
인사말,4
천년,4
공용,4
오래간만,4
걸레,4
수여,4
수트,4
낯,4
라이드,4
공증,4
실직,4
브라,4
리슨,4
산책로,4
보강,4
모방,4
빅터,4
체인,4
비수,4
정글,4
셀러,4
개체,4
어쩌다,4
투자가,4
시저,4
신선,4
이반,4
종은,4
스펙트럼,4
사계절,4
혼잣말,4
변,4
파도,4
장모님,4
월일,4
승해,4
모험심,4
선장,4
개구리,4
내륙,4
맥스,4
추상화,4
사수자리,4
게자리,4
성향,4
편협,4
단칸,4
일방,4
득점,4
아이스하키,4
전술,4
추,4
분배,4
나위,4
인칭,4
셸리,4
어가,4
삼나무,4
규어,4
당번,4
극동,4
골칫거리,4
차리기,4
고난,4
각종,4
머핀,4
열매,4
레코,4
잔고,4
심폐소생술,4
감겨,4
라켓볼,4
샌디에고,4
반의,4
세탁실,4
이월,4
동반,4
부스스,4
성의,4
주례,4
요오드,4
아이디얼,4
뻔,4
온스,4
꼬르륵,4
오리가,4
우체부,4
진토닉,4
승진도,4
특등,4
호피,4
상품권,4
금도,4
흠집,4
자립,4
기소,4
생중계,4
안전성,4
패치,4
심박수,4
항주,4
서호,4
전사,4
슬램덩크,4
담임,4
하단,4
휴전,4
오크스,4
델,4
직선,4
자제,4
낙엽,4
국회의사당,4
빈방,4
황산,4
중개,4
배편,4
생일도,4
앤티크,4
동남아시아,4
출혈,4
사치,4
벽화,4
정육면체,4
마모,4
뒷받침,4
정맥,4
한밤중,4
어드벤처,4
열심,4
음악회,4
건망증,4
화제,4
식탁보,4
파손,4
리틀,4
클리어,4
앨리,4
사서함,4
포켓,4
착,4
객,4
즉각,4
블렌드,4
남한,4
훈제,4
선인장,4
증발,4
강력,4
책벌레,4
유턴,4
출판물,4
덩어리,4
통밀,4
예스,4
파견,4
임명,4
묘지,4
유언,4
에티오피아,4
카리브해,4
필수품,4
초코,4
매춘,4
산동,4
축,4
사나,4
말썽,4
고령화,4
논란,4
구금,4
동양,4
막대기,4
캡,4
공해,4
장시간,4
뒤꿈치,4
캠프장,4
대서양,4
서서히,4
게스트하우스,4
아우,4
달라스,4
게이츠,4
검사관,4
크로스컨트리,4
광경,4
스칸디나비아,4
동맥,4
점술,4
내용물,4
만듭니,4
고든,4
기하학,4
교육자,4
멕시코시티,4
카우프만,4
불가능,4
도보,4
기일,4
목격자,4
은하수,4
나볼,4
생동감,4
학군,4
그네,4
엔딩,4
작물,4
토너먼트,4
블럭,4
솜씨,4
아픔,4
안고,4
캐나다인,4
그래미,4
꽃꽂이,4
어기,4
모노,4
아이린,4
샹윈다제,4
아이돌,4
꾸리,4
법전,4
학회,4
백업,4
대장,4
화비,4
곧장,4
연주가,4
리츠,4
전표,4
대니,4
출산휴가,4
프란시스,4
기념비,4
말리부,4
병문안,4
폭격,4
바르가스,4
타석,4
와인드업,4
경산,4
자살,4
하루아침,4
행정부,4
개혁,4
롤러,4
코팅,4
빼기,4
참깨,4
팬티스타킹,4
우대,4
안감,4
엘리,4
전야,4
한국인,4
시해,4
진도,4
리본,4
노동법,4
저항,4
부두,4
부금,4
스크래블,4
튀어,4
깜박,4
기만,4
잠기,4
증권사,4
저걸,4
소주,4
정면,4
바코드,4
삼각대,4
토요타,4
무연,4
군사,4
곳일,4
합계,4
개조,4
별개,4
등장,4
새내기,4
정서,4
광고주,4
세포,4
음질,4
페소,4
합산,4
전후,4
가라테,4
눈사태,4
폭설,4
칠레,4
대기실,4
알러지,4
타원형,4
리서치,4
첸,4
잡스,4
금성,4
곤경,4
첨부파일,4
고지,4
트리플,4
법규,4
어쩌겠어,4
위암,4
골프채,4
화낼,4
선거구,4
국회의원,4
폭스바겐,4
플리머스,4
신흥,4
오른손,4
스티,4
톈안먼,4
연출,4
히말라야,4
어필,4
햄스터,4
전만,4
커리,4
우체통,4
인권,4
고문,4
현관문,4
가디언,4
거래소,4
외지,4
주식회사,4
피티,4
새끼,4
실전,4
육아휴가,4
장량,4
헨드릭스,4
화석,4
타이중,4
파마,4
북극곰,4
중형차,4
테드,4
제타,4
끼니,4
착취,4
손가방,4
서자,4
네팔,4
절망,4
피임,4
피프스,4
비듬,4
함선,4
은혜,4
알란,4
복근,4
샌딩,4
귀로,4
현미,4
경전철,4
멜라,4
스트립,4
열자,4
자존감,4
그렉,4
앞코,4
식당차,4
의붓자매,4
조지아,4
이해도,4
토토,4
지휘,4
지명,4
랩탑,4
만원,4
커머스,4
먹음,4
제초제,4
화인,4
유스,4
보완,4
난창,4
수자원,4
추정,4
비건,4
코티지,4
태풍,4
황사,4
이슬람,4
퓨즈,4
려면,3
부스터,3
층수,3
배기가스,3
고수,3
눈보라,3
무비,3
템포,3
공과,3
앰뷸런스,3
간접흡연,3
스낵바,3
냉채,3
리리,3
이상일,3
잠귀,3
함정,3
스트로,3
격,3
긴장도,3
네스카페,3
적기,3
맏,3
육수,3
프라다,3
빈스,3
탁,3
쌍안경,3
애플리케이션,3
고리,3
전가,3
재검사,3
수야,3
소로,3
서울,3
꽃집,3
저하,3
매형,3
외삼촌,3
적자생존,3
노면전차,3
국유화,3
로펌,3
고백,3
거짓말쟁이,3
떼,3
신간,3
레인저,3
유통업,3
부재,3
관계도,3
유가,3
전문직,3
사위,3
중추절,3
결승선,3
실종,3
짤,3
양일,3
마구간,3
당나귀,3
콧,3
생맥주,3
용제,3
쟁반,3
부주의,3
웬일,3
신념,3
루비,3
파쇄기,3
상한,3
시내버스,3
주판,3
항아리,3
공포영화,3
덩치,3
단오,3
마술,3
바바라,3
구레나룻,3
앞머리,3
원장,3
정확성,3
관성,3
포즈,3
구찌,3
캘빈,3
숄더찹,3
합창단,3
터치스크린,3
제겐,3
명상,3
과잉,3
튜,3
진실성,3
예수님,3
의욕,3
전염,3
템플,3
앞뒤,3
식물학,3
외치,3
참고서,3
전인,3
이어서,3
꼬,3
한낮,3
포르투갈,3
시드,3
매월,3
식별,3
몰몬교,3
후기,3
에스페란토,3
나이지리아,3
데스크톱,3
격차,3
문어,3
어부,3
심슨,3
원예,3
구조조정,3
개막식,3
르네상스,3
소란,3
오페,3
채운,3
불가지론자,3
학적,3
종교인,3
광신자,3
상반기,3
하반기,3
노리,3
인분,3
베이지,3
샤인,3
문헌,3
오케스트라,3
테일,3
폭우,3
동계,3
장자커우,3
후퍼,3
이리저리,3
어미,3
동물병원,3
아든,3
불화,3
스턴트맨,3
치즈케이크,3
발끈,3
스팅,3
무난,3
완제,3
대조,3
세고,3
하청,3
영사관,3
약초,3
대기오염,3
초청장,3
윌,3
만델라,3
진술,3
차림,3
졸업장,3
총장,3
선출,3
간행물,3
호마,3
다즌,3
익일,3
더미,3
역사상,3
타네,3
크랜베리,3
신맛,3
박테리아,3
버먼,3
켄,3
놨,3
미아,3
전염병,3
룩,3
플레이스테이션,3
킬러,3
양으로,3
실시간,3
배신자,3
이화원,3
의외로,3
밭,3
가르침,3
공익,3
앞치마,3
깍,3
둑,3
야오밍,3
가로등,3
파히타,3
밸리,3
부에노스아이레스,3
고작,3
약사,3
잡담,3
쾌유,3
씰,3
관광명소,3
시립,3
제한속도,3
연합,3
숙성,3
남반구,3
자비,3
정복,3
몽골,3
산시,3
감사히,3
태블릿,3
커프스,3
업적,3
벼룩,3
착의,3
주방용품,3
믹서,3
안약,3
찻주전자,3
분필,3
앰프,3
상당,3
연관,3
법칙,3
목사,3
코미디언,3
브라우저,3
수박,3
콘크리트,3
보팅,3
허니문,3
미처,3
엮,3
가계부,3
탐지기,3
불합격,3
출발점,3
암석,3
치석,3
연달,3
화씨,3
하이데라바드,3
빡세,3
페셔널,3
손보,3
낙서,3
블루투스,3
비고,3
직장인,3
엔칠라다,3
설계도,3
휴무,3
직후,3
과열,3
피스톤,3
끝쪽,3
유스호스텔,3
조속,3
개찰구,3
험담,3
줄넘기,3
결성,3
야유회,3
참석자,3
테리야키,3
이례,3
새록새록,3
교환학생,3
슬,3
조끼,3
산수화,3
거셨어,3
이뇨제,3
억제제,3
리키,3
선풍기,3
토론회,3
지기,3
과세,3
배당,3
독,3
성립,3
예배,3
티엔,3
국가대표팀,3
질색,3
은회색,3
육즙,3
아이라이너,3
펜슬,3
퀴드,3
쉐,3
우위,3
경비실,3
우웩,3
윤기,3
쌀쌀,3
줄줄,3
덴버,3
교,3
팥,3
국어,3
주입,3
종사,3
짐꾼,3
남향,3
통계학,3
로저스,3
두서,3
진학,3
닝보,3
선진국,3
관측,3
자막,3
남아도,3
출입구,3
손짓,3
엘르,3
처마,3
우림,3
대합,3
가드,3
강물,3
청비,3
수료,3
부도,3
매니아,3
다툼,3
건포도,3
성냥,3
피기,3
통학,3
실비,3
더블린,3
위조지폐,3
구부리,3
전자기기,3
트윈룸,3
경품,3
몰입,3
엽기,3
양상추,3
고등,3
물살,3
태엽,3
로또,3
주니,3
성명,3
양면,3
도둑질,3
트러스,3
영향력,3
성분,3
단색,3
미덕,3
무턱,3
북서,3
북서쪽,3
앤서니,3
프렌드십,3
불기,3
유럽인,3
관료,3
만끽,3
에리,3
세이,3
태,3
해마다,3
전시회장,3
어진,3
잠수,3
암벽,3
익스트림,3
철강,3
윌리엄스,3
행위,3
지하철도,3
오자,3
버려진,3
솥,3
재규어,3
내겐,3
월마트,3
소진,3
안뜰,3
일련,3
보드게임,3
스펜서,3
과시,3
노후,3
연예,3
선수권,3
로커,3
렛,3
군사력,3
모레인,3
살라미,3
피클,3
잠금장치,3
망원경,3
신혼,3
요크셔,3
이색,3
푸아그라,3
도색,3
샹들리,3
유기,3
페널티킥,3
연기력,3
두바이,3
현황,3
기둥,3
순모,3
그대,3
중의학,3
조니,3
머그컵,3
피리,3
전문점,3
뒤치다꺼리,3
인터,3
리볼버,3
기관총,3
긁혔어,3
미노,3
개수,3
채광,3
동사,3
옴부,3
미납,3
공인,3
과감,3
웨일스,3
뒤뜰,3
통찰,3
팝송,3
연상,3
정기간행물,3
어드바이저,3
비거,3
패셔너블해,3
여행가,3
헛수고,3
배구팀,3
구형,3
발치,3
타운,3
무얼,3
피겨,3
행크스,3
타샤,3
부로,3
금혼식,3
드레드,3
북경대,3
명부,3
빌보드,3
유제품,3
조미료,3
인체,3
쉬엄쉬엄,3
밍,3
정밀,3
온통,3
큰딸,3
아틀라스,3
반입자,3
충전기,3
부적,3
뉴턴,3
바클라바,3
변환,3
삼성,3
본문,3
내열,3
스킬,3
도구로,3
경,3
몰몬,3
교도,3
장지,3
채굴,3
환경오염,3
기공식,3
발표회,3
스님,3
겨냥,3
서유럽,3
장롱,3
실시,3
마르시아,3
응답기,3
클러치,3
하강,3
색인,3
라이프스타일,3
패서디나,3
시냇물,3
지상파,3
말일,3
출입,3
기린,3
연이율,3
도메인,3
크루통,3
칭하이,3
구이린,3
탕,3
주의자,3
잎사귀,3
물의,3
물병,3
직사,3
광선,3
뭐더,3
다이어그램,3
책가방,3
충혈,3
리버풀,3
간부,3
단수이,3
발권,3
임산부,3
황실,3
정점,3
지혜,3
마스코트,3
링스,3
급성,3
블루스,3
기리,3
비원,3
어민,3
실외,3
팬클럽,3
사유,3
키보,3
피부색,3
수동,3
능동,3
대서,3
턴테이블,3
모피,3
폴라로이드,3
장교,3
제지,3
지대,3
잠꾸러기,3
정액,3
커브,3
월별,3
중공업,3
하이테크,3
뜻일,3
동문,3
정원사,3
임대차,3
허브,3
눈사람,3
정신없이,3
빗물,3
방광,3
햄릿,3
조류,3
상실,3
미모,3
운용,3
울림,3
피카소,3
챔피언십,3
주치의,3
신탁,3
영문,3
발리볼,3
월간지,3
쿠알라룸푸르,3
중립,3
머드,3
민법,3
비즈니스석,3
디스플레이,3
어워드,3
하트,3
저축예금,3
소정,3
곤명,3
회비,3
플루트,3
부리,3
건의,3
냉,3
구출,3
환호,3
스윙,3
비즈니스맨,3
베인,3
도매시장,3
쿵후,3
그림자,3
어딜,3
더라도,3
아스완,3
댐,3
헌,3
뜻대로,3
친절,3
유도,3
헹궈,3
로즈메리,3
상층,3
방침,3
손재주,3
소질,3
콘셉트,3
피오,3
로우,3
망토,3
한눈,3
로스,3
재스민,3
아발론,3
밀면,3
반칙,3
사십오,3
물체,3
아이스커피,3
생략,3
페이팔,3
방출,3
트랙터,3
향산,3
단풍,3
히치하이킹,3
초인종,3
보루,3
수중,3
러더,3
사진관,3
거티,3
도널드,3
접,3
사각형,3
계급,3
브로드밴드,3
래지,3
작법,3
구골,3
타라,3
마다,3
그리스어,3
오프사이드,3
노동절,3
끝없이,3
곱하기,3
겨울철,3
운동량,3
적응력,3
후손,3
레일,3
동유럽,3
철로,3
회식,3
옆면,3
자초,3
연초,3
빈티,3
스타일러스,3
테라스,3
전용,3
방명록,3
전문대,3
데었어,3
마커,3
저절로,3
적십자,3
처치,3
뇌진탕,3
골절,3
입학시험,3
레인코트,3
해바라기,3
테디,3
산길,3
캠핑장,3
페미,3
브랜든,3
아브라함,3
남산,3
최상급,3
록스,3
샤블리,3
개입,3
성복,3
보컬,3
공주,3
아카데미상,3
측정기,3
피스토이아,3
오로지,3
불가사의,3
묘,3
토핑,3
과민반응,3
사후,3
확립,3
기재,3
여태,3
연대,3
언니네,3
차만,3
색상표,3
완주,3
해먹,3
야수,3
병마용,3
자재,3
인생관,3
시련,3
포티,3
콜롬비아,3
풀이,3
대본,3
공률,3
한숨,3
윽,3
깨달,3
버블,3
열망,3
워크스테이션,3
의뢰,3
데보라,3
대당,3
빳빳하,3
억수,3
작정,3
엄하,3
이력,3
애교,3
길고양이,3
자회사,3
취했어,3
발전기,3
자급자족,3
여의,3
카시트,3
흐릿하,3
삼바,3
퇴치,3
템스강,3
성질,3
지구력,3
자로,3
찻잎,3
미트볼,3
석간,3
평화로움,3
진시황,3
산해관,3
아비,3
브루노,3
카라,3
옷감,3
인턴십,3
퍼즐,3
유대인,3
샤워실,3
피나,3
가르마,3
폴리에틸렌,3
교차,3
대결,3
위주,3
코퍼레이션,3
보태,3
찰리,3
족장,3
인디언,3
러그,3
조림,3
거장,3
손익,3
숄더백,3
유람선,3
뜸,3
일러스트,3
나머진,3
복판,3
몸짓,3
돈다,3
코스모스,3
승용차,3
손오공,3
오염원,3
실천,3
인내,3
결의,3
호가,3
웹캠,3
수강신청,3
필명,3
유튜브,3
포팅,3
부디,3
란넬,3
바디,3
소린,3
옮았,3
바질,3
가솔린,3
피쉬,3
깅,3
클라리넷,3
전업,3
갈증,3
자존심,3
박싱,3
스케치,3
화병,3
베란다,3
각오,3
듯이,3
중앙은행,3
베이커,3
쿡,3
인류학,3
켄싱턴,3
기호,3
채택,3
할렘,3
배출량,3
칼튼,3
텔렉스,3
발등,3
연기자,3
자유시간,3
발전소,3
도로로,3
제스처,3
매립,3
능이,3
삼협,3
폭탄,3
뉴캐슬,3
외야수,3
오카피,3
시어터,3
선착순,3
가동,3
노예,3
한결,3
횡단,3
사업자,3
사이다,3
코스타리카,3
샵,3
호흡기,3
분노,3
캐논,3
패널,3
편광,3
본드,3
추격,3
나트륨,3
원형,3
분화,3
화산재,3
남친,3
더군다나,3
재현,3
타란툴라,3
결혼반지,3
칭따오,3
자연수,3
꼽자,3
보조개,3
움푹,3
견습,3
생으로,3
접전,3
외상,3
저리,3
배급,3
교직원,3
주석,3
미겔,3
듭,3
본부,3
루돌프,3
러쉬,3
검체,3
평방미터,3
유선,3
모기,3
시트로엥,3
고음,3
만인,3
번영,3
쿠라사오,3
인간관계,3
결실,3
핑거,3
근본,3
저작권,3
규제,3
작곡,3
악화,3
코코넛,3
그라스,3
육십오,3
실랑이,3
베이비샤워,3
숙련,3
동물성,3
원산지,3
눈길,3
폴더,3
미적분,3
박수,3
무단,3
어우,3
전력,3
강타,3
무렵,3
남북전쟁,3
샌드,3
침식,3
멀티,3
둘리,3
로스트비프,3
일손,3
필리핀,3
기저귀,3
박의,3
약지,3
병과,3
전입,3
깜깜,3
롱아일랜드,3
기내식,3
서민,3
탄산수,3
나시,3
봉급,3
덩크,3
게임보이,3
왕따,3
셸,3
지신,3
주급,3
남고,3
감축,3
스트라이프,3
솔트레이크,3
지질학,3
롤모델,3
타인,3
꽃차,3
유아,3
나뭇가지,3
행진,3
위험성,3
영역,3
기별,3
와인잔,3
자아,3
발신,3
평지,3
무지,3
무죄,3
펜트하우스,3
내달,3
사망자,3
스크램블드,3
덕이,3
심부름,3
상류층,3
페퍼,3
학대,3
밀렵,3
소켓,3
미첼,3
응접실,3
재발,3
거르,3
동아시아,3
인터내셔널,3
산야,3
번식,3
학생용,3
자문,3
데일,3
부고,3
팰리스,3
호놀룰루,3
약어,3
포도주,3
성체,3
웨스트우드,3
예정일,3
구걸,3
트위터,3
리도,3
독수리,3
지네,3
크레센도,3
탈출,3
김치,3
동메달,3
미엔,3
새엄마,3
아이쇼핑,3
파충류,3
도서실,3
플랫,3
낙,3
툭툭,3
금기,3
백오십,3
반송,3
찰스,3
전면,3
주야,3
장린,3
원작,3
소설가,3
애호가,3
복부,3
나초,3
송어,3
점성술,3
주사위,3
페인,3
나일,3
맨해튼,3
시나리오,3
임기,3
일대일,3
헬로,3
키티,3
원료,3
산촌,3
쇼일,3
스캔들,3
진인,3
채팅룸,3
버뮤다,3
야경,3
산문,3
장인어른,3
펌프스,3
원반던지기,3
폴린,3
제나,3
독일인,3
키위,3
롤랜드,3
무덤,3
불도,3
셰리,3
우다코우,3
벤자민,3
해리포터,3
하녀,3
서식지,3
닭다리,3
이십,3
새크라멘토,3
농지,3
마진,3
덧셈,3
뺄셈,3
사우디아라비아,3
저주,3
병행,3
외근,3
나사,3
따개비,3
국민은행,3
시적,3
번역본,3
고구마,3
인쇄소,3
골프장,3
포춘,3
헤븐,3
산재,3
지경,3
알짜,3
특권,3
하위,3
봉,3
그루,3
책값,3
마가렛,3
화주,3
그린우드,3
따위,3
깍쟁이,3
그라인더,3
하얼빈,3
비회,3
보행자,3
피닉스,3
재빨리,3
유의,3
불안,3
속도계,3
금서,3
마리화나,3
콜록,3
장편,3
크르,3
도비,3
칸막이,3
시운전,3
니콜라스,3
디즈니,3
냥,3
어금니,3
아마존,3
야옹,3
비교문학,3
창간,3
신앙,3
완숙,3
헬싱키,3
노르망디,3
상륙작전,3
든,3
하이네켄,3
자수정,3
수수께끼,3
족발,3
파상풍,2
간염,2
예방접종,2
수두,2
이주일,2
네거티브,2
성희롱,2
답례,2
휴게소,2
선금,2
만일,2
황금기,2
대성당,2
라일,2
호러,2
아르,2
타진,2
해리스,2
제각각,2
저지,2
약관,2
역적,2
도랑,2
대상자,2
왓슨,2
스카,2
면모,2
부패,2
열광,2
작업실,2
오천,2
듀플렉스,2
영화제,2
라가,2
웨,2
방전,2
산사자,2
도스,2
이해력,2
리마,2
현충일,2
엘빈,2
추출,2
화이트데이,2
텔레,2
선샤인,2
외환거래,2
오냐,2
소유자,2
아이보리,2
무력,2
에이지,2
탐구,2
간소화,2
질감,2
가문,2
대대로,2
카카오,2
별미,2
개비,2
간체자,2
민주,2
주재,2
무질서,2
며느리,2
뇨,2
로지,2
포환던지기,2
젖,2
청각,2
트레이,2
르,2
윙맨,2
헝겊,2
동행,2
암살,2
노예제,2
심리상담,2
뇌수막염,2
고열,2
훈육,2
소라,2
마노,2
조각품,2
청나라,2
표본,2
파이널,2
데스티네이션,2
굴원,2
반향,2
제본,2
세무,2
올리브색,2
클라인,2
알토,2
바리톤,2
촉감,2
마인드,2
만기일,2
안드로이드,2
탑재,2
워치,2
프로이드,2
유주,2
도피,2
구세프,2
크레이터,2
디아,2
슬쩍,2
집필,2
기침약,2
연구개발,2
생필품,2
프리드,2
진급,2
피켓,2
대우,2
전기요금,2
크롤,2
도예,2
임박,2
르동,2
균등,2
제자,2
예언자,2
실만,2
샤,2
퍼펙트,2
솔로몬,2
제프,2
롱,2
미시,2
거시경제,2
강압,2
배움,2
고학년,2
제작사,2
신학,2
부재자,2
앤드,2
레아,2
강하,2
백과사전,2
구절,2
암튼,2
곤란,2
대수,2
색색,2
내추럴,2
파바로티,2
감히,2
데이나,2
실리,2
카디건,2
필요성,2
중후,2
샤먼,2
수립,2
본국,2
과육,2
즙,2
꿈일,2
예감,2
가이드라인,2
파파,2
병아리,2
사범,2
가용성,2
대표자,2
아침밥,2
알베르토,2
상파울루,2
브라질인,2
계정은,2
허풍,2
파도처럼,2
개회,2
작별인사,2
상석,2
임차,2
오래오래,2
훈증,2
향후,2
징조,2
여름철,2
후라이팬,2
우연이,2
표기,2
투룸,2
전당포,2
무서움,2
인센티브,2
졸,2
체크메이트,2
획득,2
전취덕,2
보디빌더,2
충분,2
컨셉,2
바니,2
나은지,2
활약,2
불신,2
예순,2
사드,2
멕시칸,2
최고다,2
사천요리,2
안마당,2
세뱃돈,2
제네바,2
리버티,2
텅,2
핵가족,2
찻,2
차집,2
외래,2
마저,2
밍입니,2
에어차이나,2
모래폭풍,2
포식자,2
현대인,2
번일,2
직감,2
연다,2
소입,2
주주총회,2
발언권,2
자연스레,2
죽도,2
본도,2
잘만,2
아랍,2
폴로,2
의논,2
상당수,2
총각,2
앙,2
레,2
주스기,2
밥솥,2
과식,2
화이트보드,2
워밍업,2
빈둥대,2
옮,2
명분,2
천오백,2
만장일치,2
위함,2
트래블,2
공백,2
도면,2
민첩성,2
주의력,2
신참,2
성품,2
득,2
제품군,2
획기,2
방화,2
콘월,2
템즈강,2
디테일,2
조종,2
주어,2
편향,2
성대,2
어쿠스틱,2
심호흡,2
주관,2
코멘트,2
방사선,2
규소,2
광물,2
이산화탄소,2
식민지,2
장기간,2
사분,2
자사,2
애슐리,2
믹싱,2
릴,2
렉스,2
행방,2
장마철,2
나카무라,2
옻,2
척도,2
메기,2
캐슈,2
디너,2
양서,2
캔자스,2
지위,2
가모,2
속달,2
타우,2
마카로니,2
증기,2
포유류,2
해킹,2
시누이,2
프로페셔널,2
에스키모,2
안전모,2
왕씨,2
테킬라,2
밍밍,2
부산물,2
순번,2
인질,2
운영체제,2
벤쿠버,2
아이슬란드,2
어촌,2
리히터,2
밤낮없이,2
디버깅,2
쏙,2
보톡스,2
리프팅,2
붓기,2
순탄,2
허베이성,2
스프레드시트,2
포상,2
소모품,2
뽁뽁,2
뽁뽁이,2
뽁뽁이는,2
전축,2
필립,2
잔치,2
초록불,2
인물화,2
사상,2
중시,2
근무시간,2
울창,2
낙원,2
토지,2
매료,2
쇼룸,2
본머스,2
유무,2
킁킁,2
셜,2
벨라,2
기와,2
프랫,2
와중,2
가재,2
구현,2
증인,2
구청,2
의치,2
크레파스,2
풍,2
미끄럼틀,2
요령,2
오른손잡이,2
달도,2
웰,2
니샤,2
폐업,2
위탁,2
소외,2
즉사,2
홍콩달러,2
코닥,2
원론,2
쿼터백,2
이백삼십오,2
히어로,2
전세계,2
죄책감,2
귀환,2
이탈리아인,2
클리블랜드,2
스피너,2
엄지,2
무상,2
교향악단,2
도인,2
프레이저,2
딩고,2
협동,2
드리블,2
하렴,2
기미,2
때마침,2
산부인과,2
보안관,2
콘텐츠,2
송수,2
민어,2
목구멍,2
흉부,2
스토킹,2
단칼,2
아난다,2
몽골리안,2
핫팟,2
칼국수,2
결판,2
켈리,2
가급적,2
캔디바,2
여벌,2
무전기,2
돋보기,2
에그드롭,2
뉴델리,2
문단,2
세지,2
에디,2
시식,2
독려,2
번잡,2
벙어리,2
배제,2
출세,2
양옆,2
뉴요커,2
간지,2
안티스파이웨어,2
악성,2
쇠고기,2
특대,2
스쿱,2
머스터드,2
샘물,2
토머스,2
제퍼슨,2
후지산,2
치앙마이,2
생방송,2
부실,2
제트,2
등장인물,2
인베스트먼트,2
동그라미,2
뒷범퍼,2
대야,2
영화상,2
여우주연상,2
튜터링,2
당구,2
고원,2
홉킨스,2
노튼,2
칭호,2
사회주의,2
여깄습니,2
평면도,2
해수면,2
복식,2
식용,2
브리,2
공업,2
경적,2
신하,2
스테이플러,2
요청서,2
앞차,2
포스,2
에릭슨,2
검,2
아이엘츠,2
싫증,2
석사과정,2
살길,2
후일,2
트레일,2
요정,2
발라드,2
지도책,2
모나코,2
밀턴,2
점진,2
이스트,2
사진사,2
일류,2
부속품,2
메시,2
무릅쓰,2
맘껏,2
엘레,2
강팀,2
세터,2
스파이크,2
증조부,2
이십이,2
잡지사,2
젖병,2
파스트라미,2
철창,2
고성능,2
스쿨버스,2
연로,2
차주전자,2
광천수,2
가축,2
소유권,2
스트레이,2
봄꽃,2
오존,2
휘발,2
용매,2
스모그,2
생활환경,2
전반전,2
묶인,2
개막전,2
연작,2
에덴,2
한가득,2
세면,2
뒤일,2
갈라스,2
자갈,2
자랑거리,2
모나리자,2
한나절,2
익명,2
열거,2
독성,2
시중,2
마티니,2
진의,2
머그,2
정보화,2
물소,2
장사꾼,2
선약,2
웨인,2
제해,2
세인트루이스,2
애틀랜타,2
과녁,2
사격,2
화염방사기,2
방아쇠,2
이로써,2
입질,2
낚시터,2
꽃잎,2
단독주택,2
석고,2
요나라,2
피어스,2
발톱,2
레슬리,2
쉐이크,2
본전,2
살살,2
역전,2
약혼녀,2
승부,2
빠듯,2
구울,2
외박,2
구비,2
홍합,2
지역번호,2
패셔너블,2
일부일,2
크드,2
즌,2
메이플,2
빠듯할,2
자넷,2
일가,2
명망,2
영양사,2
건널목,2
아날로그,2
동정,2
물정,2
주파수,2
네임카드,2
케이드,2
팔짱,2
오딘,2
산체스,2
비공개,2
식용유,2
헐리우드,2
사이클,2
케니,2
모범,2
방향성,2
단파,2
오래도록,2
증대,2
구십오,2
백사십오,2
스노클링,2
뭔,2
매디슨,2
회로,2
혈관,2
거더,2
조롱,2
제빵,2
헹구,2
브라이튼,2
천연가스,2
금광,2
부들,2
알렉산더,2
바람둥이,2
부피,2
래퍼,2
번다,2
브리프,2
유광,2
몬터레이,2
이백팔십,2
주립대,2
공대,2
보름,2
심천,2
변속,2
양쯔강,2
자주색,2
쥬얼리,2
허세,2
영화사,2
환기,2
물수건,2
메트로폴리탄,2
제과점,2
일석이조,2
톰입니,2
트레킹,2
대게,2
콜렉터,2
마야,2
줄줄이,2
고량,2
다비드,2
개인주의,2
바네사,2
캐셔,2
야시장,2
꽃향,2
쇼핑카트,2
잡식,2
만취,2
속마음,2
아테네,2
자석,2
석양,2
궁궐,2
우주왕복선,2
충수염,2
들것,2
수술실,2
이참,2
프레슬리,2
일견,2
랙,2
낙담,2
맞혔,2
빙고,2
게이지,2
부류,2
블랙베리,2
오레오,2
인적,2
축소,2
좀처럼,2
헬리콥터,2
경사,2
레즈비언,2
폭도,2
공적,2
신선도,2
매사추세츠,2
박해,2
맹장,2
웬디,2
탐방,2
척스,2
용건,2
하소연,2
물통,2
에드워즈,2
말솜씨,2
로큰롤,2
시뮬레이션,2
하나고,2
요로,2
펄,2
차값,2
구상,2
절호,2
물개,2
하기는,2
격자,2
발레리,2
트레이딩,2
신차,2
개발자,2
천재지변,2
진공,2
너무나,2
다트,2
고풍,2
턴,2
일꾼,2
제철,2
너겟,2
받아쓰기,2
사과파이,2
트럼펫,2
천둥소리,2
라이어,2
준수,2
합병증,2
신생아,2
이러다가,2
성인식,2
덩굴,2
안테나,2
급진,2
수신기,2
축구장,2
베네치아,2
네일아트,2
팝스타,2
수경,2
낙찰,2
스크루,2
헥타르,2
배표,2
정박,2
만화가,2
주리,2
카를,2
면담,2
에드윈,2
허블,2
발언,2
뒤통수,2
기상청,2
컨디셔너,2
트레이닝복,2
계열,2
녹초,2
막상,2
듀이,2
유아교육,2
겁낼,2
탄수화물,2
블러셔,2
마리오,2
무례,2
입도,2
라마,2
무효,2
샤브샤브,2
장미꽃,2
종달새,2
포맷,2
차우더,2
우릴,2
지방세,2
황궁,2
인승,2
흥행,2
갑판,2
가비,2
클로브,2
헤더,2
쇼트브레드,2
스팀,2
스노,2
호포,2
용정차,2
수원,2
블루밍데일스,2
그라빠,2
윔블던,2
쟤,2
분일,2
멀티플레이,2
밤중,2
부숴,2
농작물,2
구문,2
고립,2
플로레스,2
도통,2
배기,2
나비야,2
단풍나무,2
최우수,2
쥬라기,2
데스밸리,2
편지지,2
어쩜,2
폭발물,2
매쉬,2
포테이토,2
올림푸스,2
암실,2
진척,2
안절부절,2
다한,2
촛대,2
폐기,2
저택,2
집단,2
중력,2
봉합,2
놨는데,2
사백,2
깁슨,2
반원,2
일관,2
유리천장,2
올드,2
검지,2
발광,2
달래,2
함대,2
인도양,2
카리브,2
해적,2
조련사,2
무전,2
운전대,2
납,2
새치기,2
솔이,2
페니,2
몰수,2
옆쪽,2
왕관,2
렉,2
악의,2
라즈베리,2
사워도,2
호들갑,2
양은,2
녹용,2
국회,2
용의,2
검문,2
첼시,2
몸싸움,2
레즈,2
소울메이트,2
혼합물,2
반달,2
애플파이,2
곱,2
전자책,2
생물학자,2
공구,2
펠링,2
믈러,2
분유,2
삼십오,2
공중화장실,2
싱크,2
실었,2
트립,2
이유지,2
묘기,2
메스꺼움,2
난징루,2
융통성,2
바이올리니스트,2
협주곡,2
음식물,2
키라,2
트룸,2
골목길,2
특파원,2
남아메리카,2
욕구,2
차원,2
엘렌,2
메뉴인,2
바인더,2
휘저,2
익,2
어찌,2
유럽우주국,2
스튜어드,2
관절,2
랄프,2
천상,2
트레브,2
추론,2
코멧,2
겨자,2
상대로,2
삼진,2
방망이,2
오진,2
로렌스,2
일등,2
핸콕,2
에어라인,2
코로나,2
왕립,2
출동,2
프랑스인,2
부활,2
멍청이,2
핸들바,2
초등학생,2
관리소,2
재봉사,2
선사,2
신경해부학,2
의약품,2
바닷가재,2
무소식,2
희소식,2
찻길,2
악어,2
틴,2
알스,2
크로와상,2
삼만,2
펀,2
쇼잉,2
은방울꽃,2
베레모,2
혈중,2
농도,2
테러리스트,2
심문,2
마법사,2
부작,2
살로,2
요르단,2
구세주,2
콜로세움,2
방치,2
뽀빠이,2
완납,2
목별,2
갈아,2
대학가,2
다락방,2
생전,2
아이러니,2
너비,2
돌기,2
유연제,2
표백제,2
클리닝,2
연일,2
일몰,2
노령화,2
유틸리티,2
퇴,2
몰리,2
엘런,2
안대,2
락커,2
동이,2
캐스팅,2
티파니,2
친밀,2
스케일링,2
마취제,2
합금,2
야구장,2
임원진,2
물감,2
앞길,2
마파두부,2
학용품,2
메로,2
아인슈타인,2
민요,2
갭이어,2
모래찜질,2
비둘기,2
다합,2
랜치,2
기고,2
드론,2
짱,2
가든스,2
솔리테어,2
실었어,2
정반대,2
유적,2
카트만두,2
미시시피,2
돌파구,2
유전자,2
치료법,2
미니밴,2
전동,2
엔드,2
덤,2
이씨,2
악마,2
건마,2
망나니,2
머리색,2
번화가,2
빠듯하,2
마야인,2
타로,2
관문,2
봉사자,2
자책,2
자본금,2
주네,2
요법,2
입대,2
측정값,2
마리안,2
에반스,2
들보,2
중상,2
법대,2
파울러,2
폐점,2
차마,2
콜키,2
린스,2
루아,2
소셜,2
구기,2
시세,2
접대,2
일주,2
일러스트레이터,2
첩,2
폰트,2
슈퍼스타,2
콘퍼런스,2
정년,2
적발,2
경범죄,2
출항,2
오사카,2
강탈,2
헤드,2
정글짐,2
철봉,2
업로드,2
폐수,2
지하수,2
연안,2
항만,2
어업,2
정성,2
두뇌,2
스테판,2
진상,2
의제,2
로메,2
순환도로,2
술값,2
노쇼,2
불과,2
차일,2
펠,2
선하,2
지목,2
중개업,2
체온계,2
쿠거,2
승률,2
비비안,2
플라워,2
만다린,2
드링크,2
슬림해,2
번쩍,2
덕후,2
누굴까,2
윈도,2
추첨,2
머릿결,2
교시,2
압정,2
흉터,2
현금카드,2
에이브,2
씨야,2
블로거,2
비버,2
노년기,2
슬램,2
유카탄,2
구두쇠,2
열의,2
함부로,2
아나운서,2
퀄,2
게토레이,2
응원단,2
나누기,2
호턴,2
웹서핑,2
다이닝룸,2
헤어스프레이,2
기혼,2
테디베어,2
반려,2
평호,2
수미,2
우선권,2
구석구석,2
특제,2
견인차,2
본색,2
거도,2
근면,2
저지방우유,2
남용,2
선지,2
나하,2
공격수,2
벌집,2
농약,2
세이버,2
먹구름,2
어의,2
기계공학,2
상거래,2
화이팅,2
소각,2
죠지,2
산타모니카,2
신기,2
폐활량,2
여름날,2
리튬,2
근소,2
생명보험,2
커브볼,2
포수,2
슬라이딩,2
세이프,2
리치,2
시마,2
접종,2
애로,2
절전,2
해상도,2
줌,2
궤도,2
스누피,2
명예,2
청칭,2
메드,2
양립,2
악천후,2
와이어,2
두루,2
등심,2
찹쌀,2
갈대,2
팔래스,2
장보,2
듀얼,2
장착,2
철판,2
롤스로이스,2
번인,2
도리토스,2
레인,2
조사원,2
옌,2
받침,2
행진곡,2
나이트로,2
비운,2
대파,2
꿀잠,2
팰래디움,2
채베,2
서구화,2
자퇴,2
케스윅,2
수만,2
스카이프,2
왕왕,2
매상,2
웨이트룸,2
튕겨지,2
회상,2
괜,2
발명자,2
공학자,2
외로,2
살충제,2
진저리,2
수축,2
트로트,2
하리,2
당뇨병,2
직시,2
쿨러,2
에프,2
소방,2
간주,2
박빙,2
스콧,2
게일,2
로우스,2
천사,2
대립,2
멘토,2
비지,2
맥아,2
홉,2
라오,2
양조,2
워터프런트,2
맞혔어,2
강판,2
브라가,2
모어,2
북경오리,2
오리고기,2
쯤일,2
빨강이,2
두툼,2
그레이엄,2
이빙,2
플래닛,2
변수,2
박진,2
그랜트,2
마비,2
도의,2
서해안,2
비명,2
아악,2
정하진,2
원고,2
퀘사디아,2
조퇴,2
노소,2
일환,2
가만,2
남극,2
자이언츠,2
골라인,2
홈팀,2
파리스,2
간단명료,2
자백,2
입국심사,2
차우면,2
패배,2
프랜,2
보름달,2
호평,2
궁,2
빅벤,2
에디터,2
비평,2
시몬,2
런던탑,2
사물,2
여력,2
아멜리아,2
비영리,2
파나소닉,2
음치,2
도청,2
처칠,2
철사,2
감지기,2
열대섬,2
삿포로,2
레팬시,2
방인,2
민간인,2
영토,2
국립극장,2
힐걸,2
음정,2
스티븐스,2
로봇청소기,2
공터,2
실컷,2
광견병,2
넷,2
외과의사,2
강건,2
놨었는데,2
트와일라잇,2
뱀파이어,2
초인,2
타이거,2
우즈,2
정당화,2
버틀러,2
마찰,2
조정은,2
선의,2
전봇대,2
에드가,2
그리팅,2
할애,2
프렌즈,2
방영,2
이상하,2
해초,2
슈트,2
레퍼런스,2
서머타임,2
이백,2
야생화,2
왜곡,2
침구,2
후의,2
잔디밭,2
가구점,2
비위생적,2
쉘터,2
무급,2
포장재,2
보건소,2
양호,2
수신,2
드랍했어,2
곰메,2
페이스오프,2
세이브,2
슬랩샷,2
디폴트,2
발레단,2
피오르드,2
레슬러들,2
전례,2
휴교,2
수력,2
온두라스,2
파나마,2
쓰나미,2
수로,2
뮤지션,2
벨린다,2
일당,2
진절머리,2
펜타곤,2
조물,2
강세,2
부다페스트,2
무솔리니,2
사이렌,2
스캔,2
주하이,2
부쉬,2
자업자득,2
강진,2
핸디캡,2
공중선,2
마초,2
로그아웃,2
직설,2
페셔,2
샹산,2
연주회,2
산림,2
온실효과,2
컨버터,2
짐빔,2
빈손,2
코카인,2
제주도,2
워털루,2
식구,2
덫,2
양쯔,2
역효과,2
부유,2
호야,2
연근,2
아,2
고의,2
전무,2
짬,2
불참,2
담장,2
공포물,2
중턱,2
발간,2
기요,2
빈둥거리,2
대낮,2
열사병,2
무향,2
여드름,2
공약,2
러,2
서주,2
에드,2
그랜드캐니언,2
게임쇼,2
보아뱀,2
몬스터,2
기한부,2
푸에르토리코,2
영,2
플레인,2
달마,2
수학여행,2
물방울,2
단일,2
주선,2
캐서롤,2
유연근무제,2
스쿼트,2
오만,2
레오파드,2
타이거즈,2
모빌,2
메스,2
쉐보레,2
쿠페,2
부착,2
그물,2
중등,2
절단,2
명찰,2
뭐랬어,2
암시장,2
지식인,2
재작년,2
배경음악,2
스무디,2
스크림,2
질서,2
작전,2
보브,2
블러,2
배설물,2
래브라도,2
저먼,2
셰퍼드,2
대형견,2
페럿,2
새장,2
부식,2
브러시,2
캔버스,2
동봉,2
크리스티나,2
레크리에이션,2
전광판,2
파래,2
조세핀,2
수장,2
유황,2
핸드볼,2
탕산,2
애국가,2
시엔,2
시민권,2
랩톱,2
노스캐롤라이나,2
작업복,2
셀프서비스,2
기계공,2
색종이,2
스도쿠,2
드롭,2
마거릿,2
국립박물관,2
영양식,2
지게,2
유부,2
감수성,2
아메리카노,2
양치질,2
스타크래프트,2
삭,2
기진,2
대감,2
확산,2
입법,2
호황,2
불경기,2
스파클링,2
누운,2
드힐,2
투기,2
도운,2
옥색,2
페퍼민트,2
알콜,2
우주비행사,2
추도,2
뉴웨이브,2
웨딩케이크,2
테레사,2
왼발,2
양털,2
법무,2
남성은,2
호저,2
샤킬,2
오닐,2
커스,2
게양,2
수시,2
어쩌나,2
낼걸,2
동남아,2
단맛,2
헤헤,2
다방,2
롤리,2
예언,2
가사도,2
테린,2
갈퀴,2
건기,2
자작나무,2
행글라이딩,2
루지,2
개썰매,2
인접,2
묵자,2
공중목욕탕,2
황소자리,2
쌍둥이자리,2
수성,2
목성,2
드롭스,2
구술,2
스케일,2
아르페지오,2
피아니시모,2
파이브,2
조표,2
옥타브,2
건반,2
밀워키,2
갈망,2
아프가니스탄,2
개관,2
브레인스토밍,2
파파야,2
아이비,2
문도,2
제멋대로,2
절기,2
나침반,2
스웨,2
민폐,2
문맹,2
빈둥거렸다,2
현행범,2
파시,2
가파른,2
산타나,2
골프공,2
놨던,2
리사이틀,2
유지비,2
곱슬거림,2
불길,2
대선,2
미성년,2
꼬치,2
소비재,2
너트,2
에모리,2
착신,2
상과,2
빈집,2
카뷰,2
레터,2
전채요리,2
하이츠,2
응시,2
노트패드,2
주드,2
성욕,2
털털,2
귀주,2
프라,2
워밍업해,2
척추,2
무심코,2
로레타,2
덴마크,2
지니,2
치킨윙,2
숯,2
카툰,2
치체스터,2
도심지,2
아이티,2
기립,2
산수,2
소젖,2
목장,2
뭉치,2
안후이,2
분쇄,2
적성,2
산업화,2
에이커,2
미키,2
순록,2
삐삐,2
부랑,2
원한,2
열펌,2
하이디,2
프리저,2
파슨스,2
마굿,2
저만큼,2
믹서기,2
큐티브,2
매그놀리아,2
거대,2
홀딱,2
구아카몰,2
행정관,2
복음서,2
적정,2
핸슨,2
정제,2
두근,2
다들,2
검소,2
음회,2
지중해,2
턱걸이,2
지지율,2
공기업,2
부항,2
배변,2
쇠고리,2
출처,2
아쿠아,2
고기만,2
구명조끼,2
어항,2
양동이,2
모래성,2
해파리,2
만년필,2
진두,2
산탄총,2
소수민족,2
루마니아,2
장인,2
장모,2
오뎅,2
활짝,2
헬가,2
대지,2
성기,2
투구,2
쓰러뜨렸,2
관계없이,2
쉿,2
물음표,2
발끝,2
페이퍼,2
덧,2
기장,2
하여간,2
카자흐스탄,2
직급,2
헬프,2
일련번호,2
먀오,2
원샤오,2
구조대,2
레저,2
쟁기,2
수레,2
종점,2
랑군,2
나무숲,2
노화,2
안젤리나,2
홈즈,2
연예계,2
이만오천,2
해설,2
킥,2
코너킥,2
남매,2
돈캐스터,2
스테이크하우스,2
보이즈,2
태양광,2
집고양이,2
토대,2
엘살바도르,2
쿠,2
델리,2
속셈,2
포워드,2
볼링장,2
쉴드,2
눌려,2
열시,2
퍼,2
올빼미,2
발레리나,2
깔창,2
통통,2
창던지기,2
모기향,2
미네소타,2
도싯,2
파라다이스,2
플로리스트,2
훼손,2
진저,2
곱슬거리,2
후방,2
다이얼업,2
보전,2
커틀릿,2
마틴스,2
민국,2
전제,2
유통업체,2
재수출,2
치과의사,2
걸이,2
휴양,2
탈모,2
커즌,2
시청역,2
청로역,2
구재,2
빈속,2
몸체,2
이상인,2
커밍,2
운율,2
강단,2
간혹,2
프랄린,2
병력,2
몽키,2
항로,2
소량,2
말콤,2
배역,2
무협,2
달짜,2
데커,2
키친,2
지금껏,2
양국,2
면화,2
달콤새콤,2
플레이오프,2
로그오프,2
시나,2
영어학원,2
단돈,2
입안,2
맴,2
문체,2
은행나무,2
바크,2
셔터,2
사각,2
통기타,2
알파,2
얻지,2
금색,2
패터슨,2
얼음땡,2
술래,2
누굴,2
너리,2
수달,2
포션,2
유전공학,2
그레타,2
방부제,2
오가면,2
라싸,2
우루무치,2
선양,2
충칭,2
엠블럼,2
해부학,2
풍요,2
양자리,2
염소자리,2
계보,2
테니스공,2
릴렉스할,2
평행,2
빙기,2
샹그릴라,2
주민등록,2
등본,2
카터,2
뒷정리,2
셴젠,2
카드놀이,2
권투,2
돔,2
국기,2
디카,2
목마,2
분량,2
라벤더,2
계림,2
인공호흡,2
혈통,2
변형,2
쿠퍼,2
랜던,2
점화,2
패딩,2
외화예금,2
우울증,2
스파이스,2
엘라,2
트롤리,2
스팟,2
휙,2
조이스,2
글레이,2
뷸레이트,2
모욕,2
커먼웰스,2
인석,2
대수학,2
수묵화,2
필화,2
배선,2
스테이지,2
디네,2
시술,2
티필럼,2
하퍼,2
만족도,2
칠십이,2
이자벨,2
인도인,2
버디,2
플로렌스,2
최저임금,2
마침내,2
장전,2
워터파크,2
갈비찜,2
분식집,2
스페이스,2
중위,2
로셋,2
그린필드,2
별난,2
보복,2
끝장,2
제백석,2
중국화,2
사생화,2
폼,2
유죄,2
송곳니,2
덴,2
트리니티,2
더치,2
러스트,2
세레나,2
양키스,2
불응,2
차장,2
루수,2
마르고,2
시지,2
불스,2
발짝,2
숫자일,2
겸손,2
쉘비,2
암표,2
묘약,2
골퍼,2
꽈배기,2
코냑,2
죄다,2
카론,2
미로,2
시촨,2
분비물,2
캘거리,2
렌탈,2
계모,2
오프라,2
생산자,2
지배인,2
비폭력,2
반핵,2
이쯤,2
절강,2
더니,2
허츄,2
카메라맨,2
정어리,2
모란,2
장군,2
위니펙,2
질도,2
산불,2
난민,2
제러드,2
감사원,2
나이아가라,2
퇴실,2
허베이,2
노벨상,2
핵무기,2
세컨드,2
형광,2
오버헤드,2
질의,2
트럼프,2
녹색당,2
봄날,2
더비,2
톰님,2
영적,2
사우디,2
캔터베리,2
바티칸,2
루르드,2
여비,2
소수만,2
원촨,2
장마,2
베이하이,2
해군,2
나오미,2
스크래치,2
닭발,2
산간,2
수사,2
언스,2
드래프트,2
웰빙,2
소아마비,1
홍역,1
풍진,1
이하선염,1
둥이,1
메모장,1
동북,1
노트르담,1
센강,1
상영작,1
고딕,1
로예,1
배우진,1
선전,1
표창,1
대동,1
매니지먼트,1
점차,1
복무,1
점일,1
프리미어,1
클라크,1
라이온,1
표절,1
엘,1
심바,1
스펜드,1
왓트,1
물량은,1
싸이코,1
말대꾸,1
챱,1
홍소,1
해달,1
파이오니어,1
퍼팅해,1
퍼팅하,1
가의,1
가일,1
아이리시,1
액면가,1
그랑프리,1
피부관리,1
구사해,1
재시,1
전경,1
보물창고,1
솔루션,1
구조도,1
신호야,1
굳기,1
나진,1
빈말,1
해피엔딩,1
커리어우먼,1
제비,1
응응,1
가리개,1
루피,1
웬,1
다실,1
고칼로리,1
이지오,1
계부,1
국유,1
교통법,1
수도관,1
누설,1
치어리딩,1
토플,1
태양도,1
본관,1
봉봉,1
삼십오만,1
삼십이만,1
살림살이,1
용달차,1
전집,1
구어,1
배치도,1
비웃음,1
잡티,1
선급금,1
대월,1
털모자,1
간선,1
아치,1
퀴니,1
비밀리,1
쉐넌,1
라펠,1
막상막하,1
홀려,1
사절,1
악,1
어치,1
맨유,1
맨시티,1
고아원,1
스탬프,1
에스,1
녹두,1
칼날,1
냉각,1
로직,1
폭음,1
비바람,1
사파이어,1
단정,1
롤링,1
맙시,1
풋사랑,1
학창,1
불안감,1
버뱅크,1
윙윙,1
인즈,1
열성,1
투여,1
제입,1
꼬투리,1
뭐랬,1
소장,1
권위자,1
혼비백산,1
여리고,1
애국,1
찹쌀떡,1
증류,1
리크루팅,1
투틴,1
클리퍼,1
제프리,1
속속,1
부관,1
리자,1
명릉,1
북인도,1
중화인민공화국,1
대차대조표,1
탁구공,1
특별활동,1
대여섯,1
소프라노,1
워밍,1
제휴,1
광둥어,1
스쿠버,1
주거침입,1
티스,1
감원,1
익스플로러,1
플라눔,1
귀띔,1
의아,1
뺨,1
선공,1
성관계,1
아구,1
스와힐리어,1
벼르,1
킬로나,1
중계,1
부풀,1
부비동,1
떼쟁이,1
비디오게임,1
찰걸,1
정치면,1
천이백,1
가주,1
굴렸,1
로드리게스,1
윈트롭,1
영은,1
번창,1
씌어,1
원리금,1
납입일,1
타이포그래퍼,1
요셉,1
폐허,1
코렐,1
령,1
무산,1
집행,1
상주,1
왜인,1
빠르기,1
재기,1
님입니,1
폐쇄,1
시한,1
초행길,1
씨티,1
고춧가루,1
웃어요,1
독약,1
산악인,1
생굴,1
박일,1
셰어,1
육아휴직,1
휴직,1
스트레인저,1
씽스,1
뒤집힌,1
으으윽,1
로코,1
즘,1
장어,1
리오,1
에이번,1
모래밭,1
거길,1
진실로,1
해피타임,1
런칭할,1
외딴,1
과연,1
깃털,1
간접비,1
립글로스,1
오차,1
테너,1
도밍,1
로린,1
마젤,1
조력자,1
관람객,1
과실,1
다이아,1
블랑카,1
것임,1
남자형제,1
여자형제,1
알츠하이머,1
이해관계,1
거류,1
앤드류스,1
가정교사,1
에델바이스,1
장대,1
상대평가,1
한요,1
이징,1
오일도,1
반세계화,1
지지자,1
코르,1
대국,1
빈부,1
슬럼,1
출퇴근길,1
발산,1
신형,1
어두울,1
변호인,1
결백,1
환매,1
덮어서,1
격월,1
뉴스레터,1
애견,1
깃,1
숨차,1
하츠,1
바랜다,1
박스오피스,1
할리팩스,1
사모,1
섬유질,1
산성,1
왕창,1
반발,1
보일러,1
일렉트로닉스,1
홈쇼핑,1
운항,1
질척,1
다이닝,1
젠리,1
스쿼시,1
미카엘,1
베키,1
워커홀릭,1
삐었습니,1
블랑이,1
블렌드된,1
랭커스터,1
블루라인,1
레드라인,1
찌게,1
워터프론트점,1
프론,1
미술가,1
커피포트,1
부리또,1
클라렛,1
기업은행,1
도이치,1
몸속,1
건대,1
하나라,1
스미스소니언,1
중도,1
해법,1
콜센터,1
색조,1
어스,1
실물,1
반기,1
일정량,1
편도염,1
해물,1
침몰,1
외해,1
양로원,1
베이루트,1
수제비,1
악용,1
배경화면,1
고기소,1
트해,1
롤러블레이드,1
중기,1
생투,1
퓌스라고,1
블렌더,1
찜기,1
쪼달려,1
실기,1
편도선염,1
보디빌딩,1
평행봉,1
윗몸,1
아이거,1
표결,1
성수,1
패밀리,1
롤러휠,1
머피,1
뭐랬더,1
따로따로,1
오두막집,1
크래프츠맨,1
스펠링,1
비디오테이프,1
취지,1
패럴림픽,1
내슈빌,1
공작기계,1
발걸음,1
건축사,1
클레멘츠,1
철근,1
상책,1
핑거피킹,1
교본,1
픽,1
이구,1
카운슬러,1
간편,1
솝,1
지방도,1
잔인,1
거슬러줄,1
도신,1
본연,1
살인마,1
크시,1
편지함,1
순식간,1
대절,1
갈라,1
베이킹파우더,1
데이빈슨,1
예입,1
미주리주,1
아래야,1
하부,1
버버리,1
시범,1
네네,1
비책,1
꼬시러,1
혼동,1
건다,1
총각파티,1
대책,1
후두,1
로그,1
화도,1
반도체,1
원교,1
노고,1
전분,1
론데,1
첨가,1
소화도,1
터보,1
커맨드,1
창시자,1
대기압,1
부조종사,1
심폐,1
음반사,1
오해해,1
평야,1
시급,1
예스맨,1
허영,1
통한,1
낮밤,1
미군,1
가물가물,1
와이드,1
장이지,1
곡예,1
부종,1
식은땀,1
엔리케,1
이글레시아스,1
만나뵀,1
퀸스,1
악질,1
호랑,1
세무서,1
탈세,1
미기,1
소매치기,1
가액,1
시청각,1
궁보,1
살해,1
폭로,1
격투,1
누명,1
악당,1
잔일,1
아비가일,1
퍽퍽,1
배지,1
꿍꿍,1
어린이날,1
형님,1
고집불통,1
선포,1
홍루몽,1
도감,1
리턴,1
앙심,1
현,1
평수,1
데비,1
골격,1
채드,1
필립스,1
외톨,1
교직,1
비포,1
레이디,1
배틀,1
섹시,1
제국,1
둔화,1
불확실,1
육교,1
복은,1
제왕,1
더빙,1
치중,1
불신임,1
다중,1
콘리,1
허리띠,1
계유,1
산지,1
문해,1
번스,1
이위,1
재볼,1
전대,1
미쉘,1
교통부,1
퐁,1
하숙,1
말귀,1
따개,1
육포,1
피신,1
협소,1
불지,1
대피소,1
스펀지,1
꼬시려,1
록시,1
본부장,1
감촉,1
워터마크,1
부티크,1
스콜,1
디파티드,1
급감,1
쌀떡,1
시신,1
브레스트,1
역순,1
크루컷,1
귀주성,1
파네,1
혼인,1
중퇴,1
방편,1
대학교수,1
교무,1
신속,1
공도,1
굴리,1
행태,1
납세,1
옥죄,1
또박또박,1
미리보기,1
알라바마,1
다운잉,1
총리,1
큐대,1
검열,1
가시거리,1
간쑤성,1
한니발,1
렉터,1
삼각관계,1
나방,1
선진,1
리우데자네이루,1
볼리비아,1
대중음악,1
에마,1
단식,1
상대편,1
철거,1
송산,1
모직,1
니트웨어,1
호응,1
룸미러,1
연줄,1
구렛나루,1
짊,1
두예,1
마드라스,1
씨시,1
스포트라이트,1
강철,1
인파,1
엑스,1
조디,1
이하일,1
축날,1
포틀럭,1
옮았던,1
매운탕,1
빠트리,1
그레이트브리튼,1
엘름,1
사사건건,1
트집,1
딴지,1
멘켈,1
일회용품,1
피터슨,1
멕시코인,1
동파육,1
크리미,1
덤벼,1
개나리,1
서릿발,1
븐스,1
거시,1
크렘린,1
아이스박스,1
수족관,1
육,1
디핑,1
여왕님,1
외판,1
해산,1
속보,1
양제,1
택하곤,1
스트레,1
소나,1
방목,1
특별법,1
데코,1
질소,1
산화물,1
화합물,1
고등교육,1
거셨나,1
오버타임,1
장가,1
딘입니,1
머레이,1
하루하루,1
원거리,1
제임슨,1
제물,1
바치,1
사치품,1
쉘,1
촌,1
낙지,1
정육,1
중국음식,1
데빗,1
잉어,1
농가,1
증조,1
드레이크,1
팔백,1
칠백,1
두통약,1
널널,1
몽블랑,1
샤모니,1
미주리,1
쉬움,1
멤피스,1
쏜다,1
샷건,1
챔버,1
갈란트,1
라우터,1
야당,1
우야,1
상완골,1
빈도,1
트레일러,1
가결,1
균,1
실온,1
대변자,1
불공정,1
카이,1
남송,1
송나라,1
모리,1
역도,1
홈리스,1
이어진,1
구우,1
건설업,1
미적,1
거금,1
리먼,1
수반,1
하숙집,1
파종,1
금보,1
정확도,1
프로레슬러,1
우시,1
취했었,1
루자쭈이,1
새싹,1
심기,1
프로토콜,1
묶여서,1
액자,1
코롱,1
런칭,1
젤라,1
소르베,1
피칸,1
월넛,1
두리안,1
돌멩이,1
성룡,1
서열,1
가빠,1
넘사벽,1
벨뷰,1
트와일라이트,1
다크서클,1
저당,1
부대,1
대변,1
웨스턴,1
혼방,1
자태,1
저급,1
펌핑할,1
기관사,1
선천,1
듀에,1
문적,1
록키산맥,1
도안,1
이십팔,1
굿모닝,1
무적인,1
증후군,1
볼셰비키,1
쿠데타,1
뻑뻑,1
투입,1
울면,1
고화질,1
뒤론,1
어간,1
비키,1
로프,1
우월,1
수포,1
밀수,1
창옆,1
마리면,1
수분크림,1
내적,1
외출증,1
앞방,1
청력,1
케이터러,1
패인,1
보호대,1
소금물,1
실의,1
와이드스크린,1
마천루,1
물줄기,1
점심식사,1
샌달스입니,1
극대,1
일곱시,1
십오분,1
장동건,1
족,1
무책임,1
전용기,1
브래지어,1
보이쇼츠,1
무광,1
즈,1
맥밀렌,1
비야,1
경찰견,1
원화로,1
뉴캐슬대,1
손발,1
쉬폰,1
시크,1
볼품,1
눈앞,1
경전,1
유전,1
이외,1
자각,1
퀴즈쇼,1
얼음판,1
체험학습,1
교습,1
슝,1
도약,1
피크타임,1
여러가지,1
거슬러드릴까,1
근근히,1
클린,1
루즈,1
변동성,1
압니다,1
짝수,1
홀수,1
토종,1
치치,1
망가뜨렸,1
사육,1
형광등,1
육식동물,1
타코,1
귀뚜라미,1
칼슘,1
빛과,1
모의,1
여과,1
이처럼,1
화일,1
불쾌감,1
동서,1
서동,1
케이프타운,1
사르데냐,1
종이비행기,1
노약,1
봉건,1
외조,1
내조,1
구룡,1
반짝임,1
시월드,1
위키,1
스킷,1
계량기,1
검침원,1
친아버지,1
혈연,1
친엄마,1
적격,1
판독,1
혀끝,1
비중,1
원님,1
구속,1
족쇄,1
키프로스,1
파포스,1
철부지,1
컴포넌트,1
바이닐,1
오토포커스,1
공군,1
고압,1
윤활유,1
가스켓,1
대순,1
은하계,1
공작,1
바스크,1
편차,1
귀화,1
망가뜨렸거,1
정물화,1
전수,1
누락,1
내외,1
히비야,1
카미,1
케시,1
도셨군,1
도셨어,1
약재,1
크럼,1
단고추,1
머스타드,1
캐비아,1
삼각형,1
스쿠안토,1
이듬해,1
맹장염,1
실신,1
산타바바라,1
원정,1
림프,1
운지,1
백야,1
교감,1
무인도,1
칼슨,1
대보,1
팔로워,1
롤플레잉,1
구판,1
초입,1
재수,1
분담,1
봄맞이,1
기프트샵,1
분업,1
토탈,1
슬레,1
찜질방,1
킥복싱,1
코수,1
다즌입니,1
세계사,1
동성애자,1
싱글즈,1
청동,1
푸른색,1
키코,1
티백,1
틈틈이,1
이스턴,1
토로,1
후렌치,1
빨대,1
윈튼,1
마살,1
크랜베리스,1
태양빛,1
종소리,1
사방,1
운동신경,1
정물,1
행정법,1
밥상,1
룽탄후,1
란스,1
뉴기니,1
팝업,1
길일,1
왕대,1
액정,1
대변인,1
책보,1
하교,1
윈드,1
넬리,1
일십억,1
재결합,1
산유,1
격일,1
더락,1
관광업,1
그따위,1
단둘,1
선실,1
외과,1
병상,1
플라멩코,1
헬스룸,1
색소폰,1
드러머,1
신설,1
레드우드,1
억지,1
암투,1
크렝,1
크렝이,1
청자,1
풍요롭,1
피즈,1
블러디,1
해명,1
직기,1
윈,1
제석,1
이사벨,1
로럴,1
심신,1
볼타,1
이도,1
임해,1
설령,1
듀,1
아샤,1
코걸이,1
여건,1
삔,1
군살,1
포화,1
파우치,1
섀도우,1
질적,1
체취,1
구취,1
신발장,1
골드코스트,1
요하,1
나이팅게일,1
류트,1
타겟팅,1
광팬,1
신시,1
허위,1
불이익,1
바르샤바,1
잡음,1
미정,1
세차장,1
해들리,1
기조,1
콕,1
애뉴웨트,1
슈퍼보이,1
자육,1
마리스,1
출두,1
중죄,1
풀림,1
협업,1
전복,1
근해,1
당분,1
모카치노,1
우슈,1
속선,1
참고자료,1
금단,1
이야기책,1
실루엣,1
득템,1
부하,1
골다공증,1
묵념,1
레지스트리,1
병기,1
쿵,1
파오,1
치털,1
홍모,1
크리올,1
저편,1
침공,1
앞범퍼,1
여고생,1
지산,1
청포도,1
남아시아,1
미들섹스,1
가업,1
검수,1
미열,1
사회과학,1
벽면,1
배열,1
관사,1
우글우글,1
하일랜드,1
꼬불꼬불,1
증도,1
유세,1
과수원,1
걸레받이,1
걸레질,1
청화대,1
프로토타입,1
앨반스,1
서산,1
기슭,1
향로,1
탈진,1
산비탈,1
진홍색,1
홍색,1
사이사이,1
잣나무,1
점점이,1
잉글리쉬,1
션트,1
뉴잉글랜드,1
청첩장,1
위팔,1
영법,1
일급,1
다이브,1
헤비,1
스모커,1
초토화,1
테컴,1
이학,1
파스닙,1
피시앤칩스,1
무사카,1
루머,1
위장,1
다이얼,1
옷값,1
실밥,1
정찰,1
콤달콤,1
중천,1
오각형,1
타원,1
지역별,1
전야제,1
로체스터,1
굴곡,1
앞날,1
추심,1
자인,1
완곡,1
산악자전거,1
크루소,1
스패로우,1
대사도,1
컴보불,1
아리,1
미니스커트,1
체포영장,1
올스타,1
선로,1
육안,1
디스커버,1
거랍니,1
조각가,1
톨디,1
놀림,1
사이버,1
밀봉,1
술술,1
샴,1
보르,1
홍조,1
원도,1
썬버,1
썬버스트,1
적극성,1
개업,1
프리미어리그,1
분데스리가,1
디에고,1
마라도나,1
긱스,1
게리,1
네빌,1
윙백,1
세리에,1
유벤투스,1
부풀리기,1
홈플레이트,1
눈발,1
교통법규,1
프론티어,1
투모로우,1
초특가,1
정수,1
초야,1
해양생물학자,1
미사,1
아키타,1
야시,1
에티켓,1
소책자,1
얜,1
돛,1
스펠링해,1
원유,1
사은,1
깔끔쟁,1
버사체,1
비드,1
명란,1
순서도,1
해풍,1
팔씨름,1
샤오롱바오,1
인벤,1
토리,1
빈차,1
리필,1
분쇄기,1
셔틀콕,1
아크로바틱스,1
써니사이드,1
클라라,1
무명인,1
스트레이트,1
하이웨이,1
노하우,1
케리,1
주걱,1
개근,1
로스쿨,1
회랑,1
타이트,1
중범죄,1
콜라주,1
광고인,1
우후,1
리베라,1
무선전화,1
홀리루드,1
딕이었,1
베가스,1
구급대원,1
급송,1
바롱,1
쿠베르탱,1
매가,1
세율,1
프라하,1
순환선,1
알럿,1
여행지,1
코트라,1
달린다,1
클라우디아,1
테라,1
부수입,1
차편,1
노부,1
기숙,1
이베이,1
세븐,1
혼잡,1
로잉머신,1
최하,1
엉덩방아,1
본선,1
쟁쟁,1
헴라인,1
코듀,1
로이,1
마르퀴즈,1
히치하이커,1
헛돈,1
코르키,1
왕새우,1
스테파니,1
우전,1
맨션,1
로젠,1
에버,1
레이즈,1
웨스,1
랜디,1
베드퍼드,1
브룩필드,1
어빙턴,1
호밀빵,1
개그,1
노로,1
물기,1
이식,1
퍼뜨렸어,1
천육백이,1
핫케이크,1
피트나,1
사우,1
증류주,1
우량,1
막걸리,1
청주,1
장성,1
엎질러,1
후요,1
엄,1
고독,1
하여금,1
영화인,1
눈알,1
대리석,1
에메랄드,1
수상작,1
페트라,1
마추픽추,1
치첸이차,1
글래디에이터,1
눌렸어,1
에스크,1
저으,1
불입,1
스톡,1
공일,1
배분,1
검거,1
관리원,1
싱크로나이즈,1
스위밍,1
양념감자,1
프시,1
추모식,1
땋,1
인제,1
주소지,1
아동복,1
울루루,1
베이지색,1
켜볼,1
침소,1
봉대,1
빅키,1
수강생,1
보몽,1
각색,1
꽉꽉,1
이른바,1
드라이어,1
뱃속,1
이십삼만오천,1
이십이만이천오백,1
파웰,1
루루,1
위인,1
타르수스,1
콘플레이크,1
음력설,1
크리스털,1
플레,1
카톤,1
플레버스,1
직통,1
락커룸,1
방언,1
광동어,1
싱글벙글,1
초현,1
플롯,1
아나킨,1
스카이워커,1
허구,1
수칙,1
쿠찬멘,1
양사,1
국소,1
아산화질소,1
일명,1
끼더,1
아시아나,1
게임룸,1
브레이,1
슬릿,1
수채,1
바이어,1
얼마만큼,1
민물,1
극찬,1
박사학위,1
고액,1
분산,1
초음파,1
헛되이,1
심사숙고,1
백수,1
용무,1
조랑,1
님이시,1
치가,1
유류,1
승,1
근원,1
육박,1
대강,1
선데,1
박슨,1
프로스트,1
악보,1
더구나,1
훤히,1
비티,1
서비스업,1
코딱지,1
망신,1
넋,1
땡땡,1
벌칙,1
악령,1
구급상자,1
짤릴,1
품위,1
베이징대,1
발주,1
밀지,1
팔다리,1
무게중심,1
영양분,1
환산,1
세로,1
기가헤르츠,1
테라바이트,1
조그만,1
이성철,1
다양,1
생활필수품,1
유적지,1
파레,1
장날,1
자칫하면,1
아지,1
거미줄,1
해니벌,1
인쇄공,1
증기선,1
카사블랑카,1
재창,1
교통카드,1
속지,1
바이두,1
샤프트,1
최우수상,1
딕일지,1
딸아,1
스랑,1
숙모,1
꼬아서,1
물결,1
전산,1
광내,1
직통열차,1
관광열차,1
무능력,1
조여,1
반감,1
유람,1
정신질환,1
죽마고우,1
술수,1
불행,1
그런대로,1
급등,1
혈액질환,1
반사,1
드림,1
중거리,1
릴레이,1
사바나,1
리플릿,1
검역,1
초우,1
잉카,1
벤저민,1
영매,1
그야,1
리투아니아,1
라트비아,1
게티,1
패션위크,1
이스라엘,1
카운티,1
트위드,1
말장난,1
동포,1
인간미,1
유모,1
선율,1
안주,1
셜리입니,1
증표,1
슬림,1
파르페,1
커피메이커,1
태번,1
평점,1
장강,1
페미니스트,1
변호,1
경제학자,1
징집,1
진주만,1
식전,1
피요르드,1
점집,1
카메론,1
요전,1
금세,1
발사믹,1
산달,1
아멕스,1
통용,1
은인,1
앞문,1
합창,1
오필리아,1
스팽글,1
멀티플레이어,1
문어체,1
맥퀼린입니,1
맥퀼린,1
관자놀이,1
중남미,1
불로,1
노르웨이인,1
보이스,1
독해,1
맷,1
스토커,1
채플린,1
편파,1
둘걸,1
모듬,1
트리트먼트,1
스파이더맨,1
호화,1
도날드,1
고국,1
슈팅가드,1
저장성,1
롱잉,1
티야,1
아이지,1
탸오,1
직도,1
대표이사,1
잡비,1
지자,1
항공사고,1
프래,1
플스,1
금니,1
말걸,1
럭,1
반도,1
조지타운,1
음해,1
에러,1
효력,1
에반,1
하객,1
식도,1
아케이디아,1
나팔,1
독주,1
제천대성,1
캐스트,1
벌점,1
시소,1
흉내,1
정유,1
상반,1
스포일러,1
헤로인,1
요코하마,1
조선국,1
피레네,1
홋카이도,1
재닛,1
피버,1
갱단,1
사무직원,1
선디,1
주임,1
풀밭,1
직성,1
희생양,1
쇼핑광,1
외환보유고,1
구매력,1
삐었는데,1
으슬으슬한데,1
자꾸나,1
송년회,1
고양,1
히스,1
환경보호,1
북서풍,1
동결,1
나이라,1
준비운동,1
순근,1
최대로,1
쿠웨이트,1
일생,1
팩맨,1
라이펠,1
오십칠,1
향기도,1
윗줄,1
염증,1
설태,1
넷째,1
쿠거스,1
넷플릭스,1
버락,1
가오,1
왕자,1
버스비,1
래펠,1
랭귀지,1
정형,1
서약,1
조제,1
옮았는,1
아연,1
대사율,1
말판,1
스튜어트,1
체질량지수,1
태양열,1
축배,1
컨디셔닝,1
레이어,1
도고,1
선집,1
엮었어,1
몰딩,1
모비,1
동경,1
나래,1
한기,1
구토,1
급기야,1
라빈,1
작사,1
에베레스트,1
해발,1
징글,1
인보,1
후드,1
숙식,1
문화상,1
샤오윈로,1
교통량,1
미해결,1
합성어,1
푸켓,1
군도,1
버거킹,1
예능,1
통칭,1
페타,1
호프,1
진술서,1
크레타,1
리시버,1
굿,1
주정뱅이,1
매란방,1
인산염,1
왜건,1
세배,1
리모,1
마루,1
수영모,1
풀슈즈,1
카르푸,1
사진전,1
릴렉스,1
기공,1
백거이,1
심정,1
개보,1
카울룬,1
음색,1
에런,1
불일,1
미인도,1
담수,1
특약,1
통상,1
폭동,1
내란,1
끼린,1
유로화,1
광대뼈,1
으슬으슬,1
여실,1
차용,1
아카풀코,1
고가도로,1
신답,1
불해,1
정선,1
식장,1
등지,1
마니아,1
타시기,1
수아,1
톰한테,1
빡셀,1
미팅룸,1
유괴,1
랬,1
찬스,1
외동딸,1
에이프릴,1
일산화탄소,1
깜빡깜빡,1
거셨,1
병음,1
짐수레,1
렉싱턴,1
제약회사,1
아바타,1
허트,1
곪,1
영일,1
시구,1
미키마우스,1
간발,1
하워드,1
나치,1
브리티시,1
산마리노,1
주심,1
물놀이,1
풍수지리,1
숭정제,1
애정도,1
저조,1
마타,1
메이드,1
수평선,1
의혹,1
오번가,1
진리,1
록키,1
생리대,1
탐폰,1
메타,1
크리스천,1
빅뱅이론,1
레너드,1
결과물,1
무신론,1
분리주의자,1
누리,1
개명,1
성직자,1
부란,1
모닥불,1
펄프,1
클린트,1
관절통,1
저열,1
쫑즈,1
보딩패스,1
이커머스,1
가오슝,1
가닥,1
치더,1
어거스틴,1
데이토나,1
자니스,1
동갑,1
부산,1
릴랙스해,1
게으름,1
맞춤법,1
더하기,1
엘리자,1
선생,1
순종,1
주얼리,1
로케츠,1
퇴장,1
하품,1
쓴소리,1
사회자,1
비서실,1
섬나라,1
선단,1
스토,1
땔감,1
만다린어,1
재키,1
해롤드,1
산행,1
조도,1
니콘,1
킷,1
망원,1
서리,1
음미,1
라오서,1
오성,1
전임,1
낙인,1
툴,1
토크,1
자가용,1
체지방,1
여요,1
인상주의,1
브로스,1
조연,1
발포,1
팔레트,1
프리,1
인계,1
뽀뽀,1
휙휙,1
튕겨졌,1
뇌졸중,1
수퍼,1
효능,1
수확량,1
개체군,1
미숙,1
라미,1
면직물,1
선상,1
간경화,1
중추신경계,1
벤츄,1
펫,1
디텍티브,1
명목,1
호환성,1
윤리,1
깔개,1
송부,1
삼슨,1
구조만,1
섭,1
열두시,1
데선,1
딜레마,1
청소년기,1
연착,1
보편화,1
맥도널드,1
심포지엄,1
비도덕적,1
사투,1
부비강,1
항법,1
반려견,1
문고본,1
방파제,1
국제올림픽위원회,1
퀸룸,1
세느강,1
부동액,1
숏,1
오렌지색,1
워질,1
안달,1
이루,1
휜,1
레이븐,1
아웃도어,1
앳,1
트위스터,1
전출,1
칸디다,1
포셋,1
강우량,1
흐흠,1
발차기,1
밀링,1
슈퍼글루,1
가전,1
사범대,1
숍,1
쓸데없이,1
편두통,1
경제특구,1
군부,1
대명사,1
셀룰로이드,1
판자,1
후진타오,1
핑퐁,1
외교,1
드라이기,1
봄비,1
번성,1
등교,1
간쑤,1
무량,1
셴둬,1
아쿠아리움,1
펭귄,1
개선문,1
베르사유,1
콩코르드,1
중복,1
팻,1
근황,1
맞닥뜨린,1
킹룸,1
게로,1
플래터,1
리허설,1
직역,1
뱃살,1
월차,1
캐럴,1
화합,1
템즈,1
램버스,1
시각장애인,1
프라이데이,1
발동,1
무자,1
년대,1
차종,1
에코,1
듀엣,1
랭귀,1
팔걸이,1
텔레마,1
케터,1
온라인광고,1
냅다,1
빠,1
트릴,1
바베이도스,1
옆구리,1
농기구,1
개간,1
콜로뉴,1
재테크,1
머쉬룸,1
페네,1
페투치니,1
곱창,1
종탑,1
물관,1
삼족,1
글귀,1
타이안,1
강스,1
십만,1
피카딜리,1
돌라,1
동향,1
북향,1
귀머거리,1
동방,1
칼질,1
호전,1
격추,1
모되,1
고고학자,1
역사학,1
피씨,1
엔,1
홍보팀,1
클로스,1
태국어,1
만사,1
부리고,1
겉보기,1
대판,1
불사,1
트렌디,1
늑대인간,1
아이언,1
피칭,1
퍼터,1
게타,1
마네킹,1
표값,1
메커니즘,1
오인,1
최우,1
심화,1
양해각서,1
재산권,1
레슬러,1
전념,1
진품,1
어드,1
방제,1
바랜,1
고릴라,1
맹수,1
자명종,1
도슨,1
핵물리학,1
기대수명,1
육체,1
보류,1
컨티넨털,1
학번,1
재회,1
자동판매기,1
거슬러줘,1
용용,1
삼백,1
칠십,1
육십,1
었,1
두드러기,1
솔트,1
스노우보딩,1
생존자,1
스페인어권,1
관제,1
수컷,1
암컷,1
목조,1
찰나,1
간과,1
달빛,1
고흐,1
이기만,1
십자가,1
리야,1
가스렌지,1
사십만,1
군함,1
고드름,1
진탕,1
글라스고,1
소인,1
동물권,1
추종자,1
패왕별희,1
상여,1
외국산,1
중국산,1
할당량,1
타당,1
반성,1
대문자,1
인덱스,1
세미,1
브먼트,1
과지,1
음모,1
쿵쿵,1
웬걸,1
어버이날,1
피오르,1
빙판,1
지노,1
해로움,1
마돈나,1
고모부,1
쾌차,1
레슬링,1
하이티,1
샌더슨,1
극한,1
나뵐,1
조판,1
말년,1
관중석,1
리용,1
국민연금,1
단면,1
아톰,1
대표팀,1
예보관,1
런웨이,1
택싱,1
펠리니,1
벨리니,1
보티첼리,1
다이슨,1
포파,1
안일,1
러신,1
페니실린,1
비염,1
감작,1
낙심,1
외형,1
광주,1
가인,1
션전,1
진씨,1
서원,1
남월,1
왕릉,1
범벅,1
붐,1
녜,1
토박이,1
버피,1
엘리트,1
빙하,1
하늘색,1
매기,1
토목공학,1
바랑,1
박만,1
유인원,1
수력발전소,1
헛소문,1
퍽퍽해,1
물컹거리,1
반세기,1
일수,1
연식,1
스테핑,1
부처상,1
뚱보,1
소망,1
비캄,1
월터,1
타임지,1
보이차,1
끌기,1
윗사람,1
입냄새,1
발굴,1
것과,1
판정,1
자책골,1
야유,1
보이콧,1
어린이집,1
갈기,1
빌즈,1
브릭,1
넓이,1
마왕,1
소드,1
공헌,1
축복,1
새끼손가락,1
두서면,1
페이스트리,1
쌀국수,1
홀로,1
해나,1
정보원,1
기품,1
자두,1
보가,1
별무늬,1
양초,1
간자,1
매리,1
교열,1
단합,1
지체,1
올인원,1
자연도,1
근육통,1
질식,1
심야,1
사하라,1
모래바람,1
피시,1
사십조,1
뵀네,1
글루,1
보육원,1
담뱃대,1
일보,1
자치,1
행정학,1
회지,1
학보,1
논평,1
한층,1
무일푼,1
현찰,1
이벤,1
내셔널,1
거위,1
바리스타,1
근로기준법,1
식염수,1
철마,1
외주,1
조력,1
포부,1
하급,1
의장,1
레이서,1
중고품,1
일이구,1
표준화,1
드슈애드,1
범죄물,1
위태,1
선거운동,1
턴오버,1
고목,1
고요한,1
바람소리,1
승려,1
염불,1
잡일,1
놀람,1
한테라,1
자해,1
애하,1
막차,1
뭄바이,1
백지,1
발길질,1
스파크,1
기동,1
액셀,1
뮬러,1
홍잉,1
후계,1
총리와,1
부동,1
산리툰,1
엘진,1
베른,1
보계,1
사면초가,1
갔덨었는데,1
산산조각,1
연동,1
리콜,1
업주,1
실직자,1
관념,1
렌트카,1
스케이트보더,1
클록룸,1
물색,1
천지,1
프라이네,1
민심,1
체육대회,1
어폰,1
컬처,1
멋쟁이,1
농구공,1
디도,1
텍,1
다우존스,1
약세,1
유동성,1
타이가,1
라바트,1
위도,1
도씨,1
지평선,1
우주정거장,1
탐사,1
흐지부지,1
손등,1
톡톡,1
로잉,1
물리학자,1
저온,1
냉장,1
재직,1
인과율,1
노벨,1
물리학상,1
극초단파,1
라디오파,1
라이언즈,1
창춘,1
증언,1
알리바이,1
갱스터,1
연루,1
비정상,1
쉘리,1
낚싯줄,1
반란,1
아랫사람,1
여간,1
톈허,1
성생활,1
청결,1
배나무,1
웠,1
딸아이,1
섭외,1
절박,1
일각,1
애벌레,1
카니발,1
괴담,1
무의식,1
거문고,1
바둑이,1
포렌식,1
더러,1
저녁때,1
무면허,1
딸뻘,1
하이랜드,1
드래곤스,1
백이,1
한약재,1
망가뜨렸잖,1
변론,1
독촉,1
성해,1
위원장,1
퀄리티,1
페르거슨,1
쉐어,1
에어즈락,1
런던정경대,1
오라클,1
삼백오십,1
낫더,1
정렬,1
인공어,1
힌디어,1
어구,1
억,1
환경문제,1
할스,1
상응,1
규격,1
융자,1
공룡,1
다오,1
토막,1
편성,1
취했다,1
바하마,1
마멀레이드,1
세무사,1
가파르,1
분화구,1
스탠다드차타드,1
절실,1
빈둥,1
기보,1
통리,1
멍강,1
란뉴,1
버드나무,1
개암,1
이목구비,1
얼굴빛,1
빛깔,1
고갯짓,1
반박,1
청해,1
국산품,1
명곡,1
부틀렉,1
팟캐스트,1
개강,1
애프터스쿨,1
왕량입니,1
탕산시,1
필사,1
메세지,1
생유,1
한부모,1
평상시,1
버몬트,1
윌밍턴,1
무소속,1
강령,1
보터,1
프란,1
크리스마스트리,1
뉴헤이븐,1
신임,1
실재,1
타임스퀘어,1
캐롤라인,1
출전,1
샌안토니오,1
카페오레,1
카페라떼,1
카페모카,1
부란다,1
방어선,1
멜로디,1
공모전,1
테니스화,1
레귤러,1
네이비,1
거가,1
뭡,1
망가뜨릴,1
샬럿,1
청도,1
중산,1
장산,1
정거,1
개척,1
야호,1
디아블로,1
리미티드,1
롭슨입니,1
롭슨,1
개론,1
초침,1
초가,1
안드레이,1
개소식,1
끼리끼리,1
무관심,1
메이데이,1
취했,1
야만,1
가령,1
조처,1
친선,1
트랜지스터,1
비너스,1
봉제,1
애착,1
재활용품,1
본보기,1
헤리,1
소렌슨,1
연노,1
장본,1
장보기,1
데인,1
전문학교,1
추후,1
박탈,1
과학부,1
도일,1
유니온,1
마이크로,1
병환,1
쉼표,1
스포,1
캐스,1
폴스,1
기록부,1
화단,1
전개,1
코로,1
중태,1
로마노,1
카레라이스,1
수오,1
힐링,1
자릿수,1
파라솔,1
곳곳이,1
트레블,1
양저우,1
노션,1
소문자,1
따옴표,1
부호,1
말보로,1
호찌민,1
씨엠립,1
뚜짝,1
애완견,1
시진,1
승차,1
초창,1
단역,1
장용,1
천주교,1
찬송가,1
제단,1
산출량,1
거론,1
질리,1
숏츠,1
진선,1
여유도,1
취임,1
뮤즐,1
파테,1
라비올리,1
인쇄기,1
가열,1
풍력,1
똑똑이,1
스페,1
괭이,1
감안,1
디디,1
실개천,1
학벌,1
삼청,1
교도소,1
후지,1
래프팅,1
열기구,1
검색어,1
올케,1
분대,1
헹궜으,1
생판,1
악역,1
롤리팝,1
토피도,1
종결자,1
엊그제,1
리티,1
임시표,1
다이내믹,1
놨었,1
겨누,1
요금소,1
간질,1
깨나,1
옐로우,1
스풀,1
파가,1
고기압,1
튕겼어,1
죄수,1
그을음,1
티룸,1
연날리기,1
배트,1
주전,1
인민대회당,1
콜린,1
톰얌,1
명칭,1
솜땀,1
팟타이,1
타마린드,1
콩나물,1
고수로,1
소울,1
디지털화,1
서구,1
추종,1
화용,1
라오셰,1
고갈,1
비량,1
재팬타운,1
민족사,1
애니멀,1
에스카르고,1
노크,1
어지러움,1
거즈,1
은메달,1
사이클링,1
버너,1
숯불,1
코리,1
제이니,1
템플릿,1
인건비,1
출생률,1
요양,1
빈둥거렸,1
비눗물,1
던린,1
부회장,1
고학력자,1
어어,1
밀어뜨릴,1
아론,1
조선,1
구두약,1
양서류,1
지팡이,1
칼로스,1
미슨,1
마르케,1
오레곤,1
펜실베니아,1
장작,1
대런,1
내진,1
몹시,1
불덩이,1
구시,1
엄두,1
한수,1
카르,1
디엠,1
렌탈입니,1
샤리,1
제동,1
와이퍼,1
난관,1
티타임,1
방울뱀,1
아이든,1
글씨체,1
꼽,1
심포니,1
출국심사,1
황폐,1
악덕,1
그닥,1
소냐,1
가쁜,1
블랙아웃,1
절하,1
수긍,1
다각,1
카슈,1
행정가,1
코크,1
일흔,1
벼락,1
말타,1
레이싱카,1
집사람,1
현기증,1
기질,1
싸인,1
별별,1
인부,1
월풀,1
치도,1
일자,1
왕성,1
티슈,1
백사십,1
마르코,1
백구십,1
코디,1
터득,1
감쇄하,1
레프,1
안단테,1
다이나믹스,1
낙상,1
팁통,1
상반신,1
방패,1
습도,1
취했대,1
식기구,1
균열,1
솔즈베리,1
엑서터,1
숙박시설,1
근교,1
화거,1
음악학,1
신후,1
롱징,1
컬스,1
카라치,1
생태학,1
분자,1
견우,1
직녀,1
칠석,1
냉동식품,1
법인세,1
자유무역,1
도도,1
반제품,1
웬만큼,1
워키토키,1
코코아,1
브램리,1
쉬기,1
소매업,1
뒤편,1
머무,1
헐값,1
해운회사,1
잡화,1
국한,1
단장,1
직불,1
냉펌,1
사표,1
컨드,1
일레븐,1
비뉴,1
출입문,1
오십오,1
어퍼머티브,1
꼬리표,1
데킬라,1
리메이크,1
맨스필드,1
부양책,1
평가절하,1
살피,1
펜시,1
형상,1
타오,1
천진,1
중미,1
마카,1
티비,1
알코올중독자,1
애프터서비스,1
미츠코,1
페투치네,1
오노,1
외자,1
손익계산서,1
월말,1
논평가,1
뒷담화,1
던전,1
피스톨,1
케사디야,1
할라피뇨,1
브루스케타,1
라라,1
준결승,1
웨섹스,1
간경변,1
중추,1
푸시,1
여백,1
살의,1
대중화,1
광학,1
디지털로,1
세피아,1
디졸브,1
패츄린이,1
유인물,1
휘었,1
두툼해,1
타당성,1
일만이,1
애비,1
슈퍼스토어,1
손글씨,1
카일,1
블랙잭,1
타령,1
원화,1
리셋,1
프로작,1
허벅지,1
장딴지,1
햄스트링,1
베이징시,1
트럭운전사,1
본대,1
부국,1
의과대학,1
종도,1
따라쟁,1
치노,1
카키색,1
진해,1
참전,1
연합군,1
조약,1
추모,1
양주,1
교섭,1
털사,1
게인,1
다빈치,1
시라,1
종결,1
허사,1
국제화,1
송료,1
위챗,1
정립,1
존경심,1
말미,1
대외,1
희극,1
그리스인,1
혈,1
독소,1
십이지장,1
궤,1
장서,1
연필깎이,1
페르시안,1
똥,1
이중생활,1
천싱,1
치타,1
드모인,1
세인트폴,1
탐지견,1
설비,1
쇠약,1
스필버그,1
납입,1
액수,1
숨소리,1
페닌슐,1
리젠트,1
법률가,1
국판,1
튕기더,1
플루토,1
프리즈비,1
물웅덩이,1
압착,1
방습,1
용인,1
투데이,1
소도시,1
취할까,1
제닝,1
수작,1
역작,1
구로,1
태닝할,1
태닝하,1
일별,1
히스토리,1
인내력,1
굉음,1
무한,1
찌부,1
철회,1
튕,1
부쿠레슈티,1
속어,1
비속어,1
욕망,1
인플레이션율,1
담뱃갑,1
학술지,1
부신,1
즉석식품,1
용납,1
벳슨,1
영국항공,1
훅,1
아뿔싸,1
스타트업,1
댄싱,1
수탁,1
건국,1
예견,1
파랑색,1
원산,1
밤말,1
증액,1
삼분,1
마일리지,1
밀집,1
도셔,1
패툴린이,1
원시인,1
박쥐,1
준이시,1
영화배우,1
너무나도,1
두개골,1
화신,1
순찰,1
연민,1
단축,1
캔들,1
보건부,1
빈틈,1
샌딩해,1
말라야,1
스마일,1
생리학,1
아동문학,1
초등교육,1
본명,1
산아,1
승자,1
질주,1
전화왔어,1
로레알,1
게으름뱅이,1
바겐,1
클루,1
사우샘프턴,1
전도,1
성법,1
겨울방학,1
위통,1
야오,1
잠결,1
묘소,1
폴란드인,1
뉴질랜드인,1
토고,1
말레이시아인,1
태국인,1
싱가포르인,1
필리핀인,1
러시아인,1
배양,1
엄수,1
아령,1
래서,1
대재앙,1
로데오,1
창설,1
모바일폰,1
정민,1
원소절,1
목동,1
창업가,1
막바지,1
황색,1
왈라비,1
웜뱃,1
뱃사람,1
뱃멀미,1
해일,1
육지,1
회고록,1
리처드슨,1
제하,1
건축가,1
부다,1
크랩,1
흰밥,1
짠지,1
엿,1
트윌,1
하프,1
부각,1
노릇,1
엮이곤,1
카운트,1
자연어,1
기계화,1
축산물,1
선경,1
푸싱,1
먼,1
군중,1
페투치,1
눈썰미,1
클로이,1
히타치,1
무빙,1
스테,1
숙어,1
러스,1
외제,1
탄닌,1
목마름,1
문턱,1
후반전,1
터치라인,1
스로인,1
아드리아노,1
로빈,1
골킥,1
헤딩,1
굴절,1
옐로,1
프렌치토스트,1
실연,1
뷰러,1
무한리필,1
코줌,1
안하무인,1
린컨은행,1
형부,1
오산,1
다소간,1
핑거푸드,1
골도,1
삐쩍,1
출생지,1
세밀,1
미달,1
고유종,1
호스,1
커터,1
방진,1
워런,1
부응,1
진정제,1
쫀쫀,1
징후,1
경마,1
살바도르,1
양성,1
옷깃,1
제아,1
구슬,1
종이꽃,1
갓길,1
동요,1
만드나,1
금융기관,1
도축장,1
올슨,1
소행,1
전기영,1
시에라,1
사태,1
마장,1
부잣집,1
스위프트,1
송사,1
절뚝거려,1
약수,1
단짝,1
이사야,1
해조류,1
수상한,1
저림,1
방석,1
신세,1
캐러멜,1
셨던,1
비주,1
추격씬,1
러처,1
토라,1
발뒤꿈치,1
트래킹,1
인문학,1
전직,1
은총,1
로트,1
어찌나,1
전담,1
행인,1
천은,1
보약,1
고아,1
좌지우지,1
해인,1
의원님,1
윌트셔,1
서머셋,1
매연,1
삼림,1
악단,1
단상,1
에어포켓,1
도상,1
기후변화,1
맹인,1
양산,1
러순,1
외따로,1
코스트,1
양샤오,1
펌하,1
로써,1
청사진,1
오키나와,1
연쇄살인,1
슈퍼배드,1
적색,1
보잉,1
관찰자,1
동성애,1
비합리적,1
복덩이,1
신비,1
힌두교,1
티카,1
마살라,1
탄두리,1
퍼먹,1
팔락,1
파니,1
상록수,1
광란,1
과학계,1
이기심,1
탄소,1
하이브리드,1
히피,1
삼각,1
퇴비,1
평원,1
액센트,1
실크햇,1
솜브레로,1
서류철,1
약실,1
쏠,1
당사도,1
체어,1
신진대사,1
연소,1
문밖,1
세입,1
장기로,1
둥지,1
미래엔,1
탄광,1
원자력,1
휩쓸릴,1
주부,1
힐리,1
꾸러기,1
족부,1
스터드,1
서양화,1
맵진,1
대마,1
건성,1
휘핑,1
사워크림,1
방책,1
공론,1
틀니,1
무궁무진,1
중앙아메리카,1
기가바이트,1
악착같이,1
체포하겠어,1
스털링,1
본의,1
옛적,1
콤팩트,1
가발,1
어쩌라고,1
분다,1
루양,1
기용,1
절연체,1
술자리,1
측은,1
극도,1
인간성,1
무고,1
테러범,1
발칸,1
신분,1
성추행,1
적대,1
겹칠,1
왕세자,1
밑바닥,1
쓰래,1
뉴스룸,1
문점도,1
자임,1
가나슈,1
정리정돈,1
강간,1
날쌘편,1
고철,1
수용성,1
동창,1
수첩,1
메아리,1
랍니,1
범행,1
디포,1
구함,1
유난히,1
남캘리포니아,1
뵀어,1
까딱,1
영영,1
항해사,1
캐리비안,1
생산력,1
재산가,1
나팔꽃,1
민들레,1
무당벌레,1
팸플렛,1
지망,1
애리조나,1
어이구,1
나챠,1
아토미움,1
샤운,1
독후감,1
핑핑,1
화강암,1
양치기,1
미학,1
김용,1
정의감,1
수양,1
부업,1
머리스타일,1
트랜스포머,1
옵티머스,1
윌잭,1
폭등,1
공로,1
상가,1
현직,1
페널티,1
프로비던스,1
슬론,1
해링,1
금발머리,1
꾸러미,1
꼬박,1
센트룸,1
컨택트,1
파사데나,1
인대,1
외숙모,1
별세계,1
헤드라이트,1
생물체,1
털복숭이,1
비행접시,1
짐표,1
그림책,1
핀인,1
청산,1
거른다,1
걸르,1
수돗물,1
버클,1
프러포즈,1
진퇴양난,1
면책,1
생쥐,1
롤로,1
블러바드,1
더블베드,1
섭취량,1
러햄,1
인수합병,1
입법부,1
국도,1
산업부,1
맥맨,1
쪽일,1
과민,1
캣츠,1
분별,1
소일,1
엔트리,1
지문,1
내비게이션,1
해제,1
살걸,1
본기,1
응용,1
헬륨,1
전도성,1
조조,1
부술,1
우측,1
쿼트,1
월리스,1
속편,1
폴라,1
내뿜는,1
바이킹,1
에디슨,1
급상승,1
모래톱,1
웅덩이,1
정치가,1
산발,1
풍속,1
진눈깨비,1
께,1
타파,1
리안,1
락스,1
살코기,1
륜,1
구동,1
수시로,1
톡,1
양상,1
선사시대,1
포플러,1
데오드란트,1
헤이븐,1
정찬,1
해운,1
권유,1
안과,1
일렉기타,1
피킹,1
주법,1
루트,1
당일치기,1
경보기,1
베타,1
특허법,1
과학기술,1
특허권,1
필체,1
방키,1
이스탄불,1
셀레나,1
메탈,1
복서,1
샌들스,1
추석,1
의지력,1
입김,1
난로,1
생산비,1
프런트로,1
증명사진,1
정품,1
뵀,1
문학인,1
도버,1
철자법,1
켐,1
악취,1
포병,1
재개,1
블랙닝,1
큐리,1
평론,1
순찰차,1
장밋빛,1
컴프레서,1
광대,1
원두,1
피드,1
옥토,1
스파이더,1
코랄,1
범고래,1
코브,1
헤밍웨이,1
줄자,1
알몸,1
닛산,1
문예,1
재부팅,1
바고,1
사파리,1
방앗간,1
기증,1
놨는,1
놨더,1
커피하우스,1
럭키스,1
아놀드,1
슈워,1
스위머스,1
스윔,1
라벨로,1
킬러스,1
하인스,1
기원전,1
올림피아,1
인장,1
조개류,1
핑,1
순환계,1
큰길,1
고자질,1
스크립트,1
자바스크립트,1
머리셔,1
독서실,1
눈싸움,1
봄옷,1
나뭇잎,1
울음소리,1
웃음소리,1
여제,1
후속,1
셀렉,1
교육청,1
버는,1
파기,1
피소,1
맞소송,1
지적재산권,1
거세,1
바짝,1
스톱,1
침대차,1
객차,1
바란,1
안주인,1
식지,1
잉,1
에비,1
번번이,1
대합실,1
칼륨,1
긴축,1
사이버스페이스,1
월보,1
전우,1
나스닥,1
스탠딩,1
패트,1
슬로프,1
개지,1
천체,1
미주알고주알,1
광대도,1
곡예사,1
엑트,1
마술사,1
줄타기,1
얼룩말,1
화약,1
순이,1
상속,1
서일,1
진저스,1
귀어,1
글꼴,1
노벗,1
촉,1
이동만,1
남아프리카공화국,1
학창시절,1
환송,1
행렬,1
목살,1
바싹,1
핏,1
안티,1
스킵,1
초소,1
티타늄,1
갈고,1
김렛,1
네바다,1
구급대,1
성곽,1
직속,1
연해,1
맛보기,1
급턴,1
수능,1
신화로,1
그토록,1
군림,1
케냐,1
울렁증,1
차액,1
어소,1
압핀,1
흑색,1
로제,1
브라더스,1
랜던입니,1
올린다,1
팔만,1
동키,1
농구장,1
성주간,1
렉티브,1
셀로판,1
목공,1
남방,1
트랜섬,1
자락,1
섭식,1
반구,1
좌뇌,1
걸인,1
집일,1
워터슨,1
된장국,1
처신,1
도마,1
플립,1
덜컥,1
샛길,1
림보,1
온슈,1
비아,1
키앙,1
치인,1
사체,1
버트,1
파자마,1
퍼뜨리,1
커피콩,1
생두,1
로스팅,1
팍팍,1
말기,1
누차,1
동,1
세실리아,1
컴바,1
탐슨,1
정경,1
행차,1
나신,1
양약,1
택할,1
웍,1
바람막이,1
내복,1
넉,1
유압유,1
빈둥거린,1
카톨릭,1
성냥갑,1
악센트,1
헛되,1
안개꽃,1
하차,1
짜장면,1
락앤롤,1
천만해,1
끈끈,1
덕목,1
드라이브인,1
밀링머신,1
접기,1
풀향,1
블렌딩해,1
황혼,1
노점상,1
천단,1
명조,1
공과대학,1
셰필드,1
나들이,1
컴보,1
수익금,1
협탁,1
사살,1
태아,1
복직,1
자달,1
무성,1
악순환,1
허기,1
난각,1
재개발,1
라멘토,1
주교,1
교원,1
사투리,1
부가가치,1
세랑,1
벨바텀,1
몽고메리,1
스멜리,1
토즈,1
옆길,1
애쉬번,1
성미,1
텔러,1
거참,1
석도,1
로건,1
지법,1
심볼,1
오타,1
프랫보,1
호르몬,1
월요병,1
창조자,1
그제야,1
아트워크,1
키시,1
하모니,1
슬로우,1
방황,1
온정,1
군다,1
러프,1
벙커,1
케슬린,1
쑥,1
이코노미석,1
리바이,1
런닝머신,1
노숙,1
존스홉킨스,1
페스,1
코테,1
리언,1
리스본,1
개런티,1
퇴근길,1
회선,1
사냥꾼,1
후각,1
탄약,1
소총,1
노점,1
몰이,1
찜닭,1
랭,1
템,1
미지,1
퀘스트,1
크르도비,1
수송기,1
애덤스,1
루토,1
브리핑,1
워프,1
외계,1
절경,1
실상,1
별채,1
세비야,1
코르도바,1
다방면,1
폭행죄,1
정학,1
곧일,1
무한정,1
롱징차,1
기문홍차,1
펑차,1
시크릿,1
불로장생,1
자위,1
하물며,1
덜컹,1
툼,1
오리엔트,1
관통,1
시어,1
리코더,1
독립심,1
시긴,1
지온,1
캐피털,1
개헤엄,1
변비,1
과당,1
패스트백,1
움라우트,1
슈퍼주니어,1
슬링,1
레토,1
보리스,1
나인,1
층일,1
모교,1
올여름,1
산들바람,1
리미,1
예선,1
월락,1
약체,1
미드필드,1
녹아웃,1
정연,1
불볕,1
거인,1
이성,1
할머님,1
닥치고,1
클로즈,1
허드슨,1
오웬,1
해서웨이,1
스프링롤,1
초로,1
순회,1
북동,1
라사,1
수없이,1
유사,1
모성,1
본능,1
영아,1
피난,1
비요,1
캠,1
참나무,1
타르,1
조경,1
세이지,1
자쿠,1
태생,1
겨누더,1
늪,1
백금,1
퇴색,1
플런저,1
슬었네,1
급작,1
백조,1
종합병원,1
거라뇨,1
말수,1
구전,1
조리도,1
구도,1
링해,1
노친,1
눈콩,1
사우어크라우트,1
세면장,1
적신,1
젤리,1
풀바,1
동동,1
참새,1
도로시,1
쌀볼,1
텐푸,1
독신남,1
나리,1
매시간,1
플러팅,1
하이파이브,1
라스트,1
콜,1
마늘빵,1
통째,1
매너리즘,1
냉수,1
관목,1
보탬,1
미끄럼,1
영자,1
단순,1
공자,1
동방항공,1
워크래프트,1
워리어,1
난이,1
박수갈채,1
결점,1
팬텀,1
테스,1
조달,1
매드,1
마티스,1
구겐하임,1
클로이스터,1
당원,1
리버,1
육도,1
타츠키,1
폐하,1
필링,1
스크럽,1
폴리쉬,1
경공업,1
윗쪽,1
헹궈주세,1
삼사,1
월납금,1
신들,1
자진,1
야행성,1
글리,1
자처,1
팡,1
즉답,1
페블,1
홀인원,1
티샷,1
근심,1
세단뛰기,1
린컨,1
수란,1
제세동기,1
부전,1
삽입,1
팽,1
아드레날린,1
중환자실,1
개천,1
수잔나,1
조심성,1
이만팔천,1
선행,1
날기,1
친아빠,1
친부,1
외아들,1
도표,1
병목현상,1
모니터링,1
모카,1
과즙,1
원가회계,1
관리회계,1
전문화,1
합자,1
애틀랜틱,1
납기,1
병이셔,1
공급원,1
급회전,1
여서,1
입덧,1
창안,1
폐쇄공포증,1
민,1
오오오,1
이착륙,1
던드,1
단편소설,1
그야말로,1
성지,1
대형차,1
이르렀,1
겉옷,1
네온사인,1
판도,1
남자에게,1
정권,1
반창고,1
대만어,1
궤양,1
내시경,1
찌뿌둥해,1
파스,1
렸습,1
러스티,1
글렌,1
윈터스,1
띱니,1
보구,1
셧다운,1
다운타임,1
냇물,1
여장,1
불상,1
옮을까봐,1
치파오,1
손안,1
윈프리,1
스피어스,1
한밤,1
수신인,1
예년,1
작업량,1
블라인드,1
바닥재,1
치실,1
생태계,1
방사성,1
핵,1
바름,1
켄징턴,1
포탈라궁,1
뉘른베르크,1
오르다,1
사스,1
은지,1
두께,1
믹싱할,1
골칫덩,1
쭈뼛쭈뼛,1
크루,1
카울넥,1
질책,1
가려진,1
파르테논,1
오키프,1
파인드,1
외신,1
전파,1
채혈,1
통일,1
들락날락,1
앨버타,1
데이먼,1
젝션,1
설치류,1
미치나,1
서핑보드,1
혼수상태,1
염탐,1
위엔,1
팟,1
필러,1
운석,1
장춘,1
종리,1
몽광,1
루안,1
격리,1
아나필락시스,1
쇼크,1
러브스토리,1
캐피탈,1
참고인,1
물꼬,1
트길,1
이천오백,1
선선,1
푸르른,1
브레멘,1
코펜하겐,1
녹나무,1
식물원,1
바닷물,1
가글,1
소의,1
관보,1
승급,1
마션,1
경호원,1
귀족,1
투하,1
여론조사,1
기타로,1
여럿,1
한순간,1
그나,1
모던,1
알버타,1
매니토바,1
국토,1
마음씨,1
에취,1
우커송역,1
레알,1
검술,1
콘도미니엄,1
에일,1
장안,1
이니셔티브,1
이탈,1
이발소,1
이발,1
소도,1
팔굽혀펴기,1
상쇄,1
항일,1
기아,1
물자,1
카이엔,1
수초,1
뒷골목,1
자형,1
발판,1
매트릭스,1
트리나,1
현악,1
중주,1
아쿠아마린,1
이튼,1
아바,1
심술,1
궂,1
헤이티안,1
구석기,1
푸젠성,1
허름해,1
혼,1
노바스코샤,1
밤일,1
샨,1
자유투,1
점슛,1
보미,1
딩동댕,1
시부모,1
화학요법,1
도매업자,1
소매업자,1
하,1
일요,1
로사리오,1
비꼬기,1
데드,1
주거지,1
차차,1
극치,1
타수,1
자쿠지,1
인과,1
탈착,1
콤보,1
인터페이스,1
초슬림,1
물구나무서기,1
브루스,1
정보기술,1
프츠,1
상향,1
걸스,1
달링,1
커밍아웃,1
헌터,1
시정,1
바이오,1
인품,1
루카스,1
에브,1
단테,1
킹콩,1
만드,1
우물,1
봉쇄,1
최루탄,1
북한,1
핵확산금지조약,1
랙티브,1
원스톱,1
온풍,1
프렌드쉽,1
미쓰비시,1
배너,1
크렌쇼,1
호손,1
첫걸음,1
로컬,1
문구점,1
종이클립,1
수식,1
매크로,1
가드레일,1
유이,1
비례,1
플랩,1
본래,1
자메이카,1
외적인,1
무표정,1
흑자,1
불티,1
한턱,1
카롤,1
재선,1
바이든,1
밥그릇,1
그린피스,1
신경질,1
쯧쯧,1
아이오,1
다다,1
탐욕,1
깨달음,1
담화,1
파버입니,1
압축,1
창사,1
대양,1
낭도,1
성지순례,1
고속버스,1
서린,1
컬리,1
선셋,1
객관성,1
버그,1
돌진,1
호남,1
강소,1
변상,1
포커스,1
카드게임,1
추궁,1
자부,1
일부인,1
승산,1
프리덤,1
윌메트,1
아페리티프,1
싱어,1
그레나딘,1
상체,1
선명,1
재산세,1
의예,1
물밀듯이,1
스트리퍼,1
술게임,1
아첨,1
처제,1
정일,1
철천지원수,1
앙숙,1
워크플로우,1
얽매,1
로밍,1
아카디아,1
그로브,1
설리,1
고추장,1
고이,1
돈통,1
환도,1
유라시아,1
통틀어,1
환환,1
버세,1
회람,1
가려움증,1
화끈,1
거림,1
삼채,1
만국박람회,1
설계자,1
에펠,1
착착,1
제독,1
윈스턴,1
보우,1
브리튼,1
침략,1
무적함대,1
투소,1
밀랍,1
왕족,1
유모차,1
양수,1
마르다,1
에나멜,1
맛집,1
립스,1
정신병원,1
동식물,1
사막화,1
데니스,1
트리뷴,1
콜럼비아,1
명문,1
초행,1
시추,1
인프라,1
화로,1
이슬,1
성년,1
주우,1
낙후,1
우울함,1
명언,1
국장,1
나도야,1
집사,1
옹호,1
터너,1
베즈,1
가면무도회,1
카우걸,1
기마경찰,1
댄스홀,1
춤곡,1
농부가,1
탭,1
버드와이저,1
해피아워,1
모짜렐라,1
동명,1
뉴욕타임스,1
네이션,1
피자헛,1
토파즈,1
선팅된,1
터보차저,1
승격,1
차단기,1
손더스입니,1
손더스,1
스카치,1
야야,1
결혼식장,1
창피,1
하마터면,1
북유럽,1
피셔,1
캐럿츠,1
이백삼십,1
장터,1
백이십,1
상술,1
헹궈내,1
울음,1
친정,1
